,id,label
0,0662fdacea8f03592ac9c33548362f8e,apple
1,8f838c3b70fe08d5d8fa41a414d8ad5e,apple
2,407e9d63e8111edbf5c0eceefa298d05,apple
3,d48cccdb08640f7fee6ea8031881b4bf,apple
4,946b80c0bccaae705bb9b9770f569be1,apple
5,235c1b4c757ac651dff0b899ddff5251,apple
6,731e7ff79cef24f5144f8fddfe82e179,apple
7,4d117c37a57bc3dcfad099dbc6ede8a6,apple
8,824de8516e3c4a2133fda1b3f8cfef56,apple
9,5d8153f6ee58de33270c24c3a8fb3e0e,apple
10,9db69ba9ec9cfc65db3a01cede9a2830,apple
11,d00234f92742ec539844bcf908cb81ef,apple
12,0ae8327ea1f2247b994eafb9dd67aecb,apple
13,8715e55ab20870c14205cf5252e25317,apple
14,6e0b10479d4b2a0773807f25f69681f8,apple
15,aef21c14e48f197e2b05ccaf464c52c9,apple
16,2d1fbadd24e71783af6d321b57a70844,apple
17,acdb95b37d3314d96994e19bdd437878,apple
18,8c3fef47b6b043ea5677f0857f3a2a90,apple
19,283630ae27f43a8e620cb1083e2c6d35,apple
20,59c9907de388a69a337dd503f075c6f3,apple
21,037218cc87895d88bb41eb0572501c44,apple
22,a061f9586da94a93bf90416bdbf07237,apple
23,83f393998dd7e080e3b6734f3d400943,apple
24,3c6b3141bc80f2c46420f1687cca1b59,apple
25,76dd252f8e4e75da1beb36cddf3ec067,apple
26,5dcefe47648986f5332fd61487efd57c,apple
27,cef23688f729650fe4e08babb7d2def7,apple
28,75bdf0f10c68d9ec05c89ee75e76ea16,apple
29,8b95abe4a5196a325447c45505534806,apple
30,90874f13a6aaa6b7a0c8488bc7fe3073,apple
31,e96ffa3bdd7f9a35409c070536e42833,apple
32,d30aeefe475afc1741d0b10c1911c25e,apple
33,2d31a229b0b1617e073f8554a810f908,apple
34,34aab2fd46e3db4650e16302e0dc7872,apple
35,9f13e916a93ade46ced4f2674b8ed40e,apple
36,760991f1178174cf402fe5415d74781d,apple
37,49c63a18bdbf0227deaaf13dedee412c,apple
38,7ee204d0aa1a9651011e190328ab9b76,apple
39,be1501f1916ee03021a9fd3b7392191f,apple
40,22f425c7983b7057770c4e003a133b95,apple
41,cdafebb49c418b152df50dfc6fe95cdc,apple
42,3725b81c1c8132bbe979008afc117f0f,apple
43,baa31b4575b8ca00f9f17eb668bafb06,apple
44,c4d3297d81a4891b2e57be9fbbf8f2d7,apple
45,161898d720b71294f7063dc7c5de926a,apple
46,da0f45786319ef91c38848d201b24125,apple
47,fa24f0329e5669467cfbb038d978bbf0,apple
48,5fc5289c3fed0a001a7a6d1c44fa341d,apple
49,ec47a8f3164f0a132fa241852b8769a9,apple
50,d1022ab1243bf6750f11615c1819346f,apple
51,96f9dadf5f1a2a69ad101ee7f6c5a93d,apple
52,2743be8d4b6e1c6e0aa462ee5bb71c54,apple
53,2dd9f2bdbc1331fc37f45561c1de161b,apple
54,976578e0c55d51ace7c24f0cb38da6e8,apple
55,cd8291ce2ca635cba80289e8d21d2194,apple
56,eceea3a69a99ab318f4886519fb4313d,apple
57,31f9ef862c52f9b6158f5ba303e1d485,apple
58,d1d96f1244f14a390a06cc67690300be,apple
59,09f2be1471608cc069d74461efa4fa17,apple
60,557ffd956e6ab4769ccca80ebb6fc475,apple
61,9d78618854bbf9b844bdcd5e5fc9c538,apple
62,eb6d264ab4d9151e5cbeb9e56cb5a92b,apple
63,eaf9baff584c3c26279055076dc55b69,apple
64,aefbe0f8629a31ca30bfc420416ccb13,apple
65,5c7e60a1969e57dccaee6bbbbad7576f,apple
66,53eb7fa61867d8316e81b91e64bf85f5,apple
67,6b0e34d7240b2e101ba54cdfc26b98a2,apple
68,1d71812b31ae514fbbcb66743a1d4d0a,apple
69,33524f258d847fe79e714195907496d9,apple
70,b9e2a8b332bfe7c725144287ea2f0704,apple
71,641276468c29fd56229a0e5ef51dcee6,apple
72,6f0e96e94a40443ea3dbf7f6bf5ab18d,apple
73,875d602dbc89b20a6554c0618d0cf7ae,apple
74,6c848102d759d08ba815fcf8760fb568,apple
75,a89a03fb4a48b94ef99f6ba8403d06be,apple
76,74b92befbdf43499cfd887b07e3a84ec,apple
77,ebf0df5c434f493c3e2431e8c6d91fdc,apple
78,19352e2f69faf8f0b17f5b790aade65a,apple
79,4800b710d6d1086288bc5d6dc16b9a81,apple
80,2dc7f6c21d798e384bf100ea7326e9b6,apple
81,7369ba2be5d76b6a47307b48fc933c6f,apple
82,222d6b2dab76db0089e9ccbc6b5c6ed7,apple
83,5343f831adea0aedd70de5a8a16f2932,apple
84,8df443e8205306152f5d13f1f22a939c,apple
85,20530c12398e1ea3a89e3f7c923e3372,apple
86,a8098b7f053e48e1352b32ada5d6f5be,apple
87,e804c228a78661e2d86adf610959fea0,apple
88,a38cf72715af16b0ec61aa07d5773b47,apple
89,26257ba45eadfc7416661644765a11f3,apple
90,73785b659132226079d3039681e2a4c7,apple
91,1e104c07bd13d3751f9c00525d7a3839,apple
92,5e392ff1fcb38f35065a8560a9d6027f,apple
93,4dd8c9afb2cf7805387dfcc03f6d92c8,apple
94,159b59ab081e4cda41e3dc53e7d650b9,apple
95,edd295ab650718744e222f6ebcc2b5b8,apple
96,401efdd5e3b1ef2bbe9f91fd709c4af1,apple
97,908e44ddf5c3b2f0dc8c950892cccb6a,apple
98,64855637f2dc2d422783d2ba954a5ab5,apple
99,faa86118ac71aebed33a2ba4acc2f84c,apple
100,851bee4b4aadb57f3be84b88fc8f39cb,apple
101,70aa892c4dca326565f71d048b06ad51,apple
102,9993223278a0c23444f71be4e4402dfa,apple
103,1a7d9e41b89bd3979f5a9781f2b23f16,apple
104,d94fa67bd3e39f4069a51ec6da1e205b,apple
105,81aec149025257af95af51365f1499a7,apple
106,319a526e424c65c2fb0205649f3d077d,apple
107,2bccef808a06876bacb95970fa39fca4,apple
108,379883eb1c2e8051e7b77034fc345975,apple
109,40a29c6c3d6b5359881316123b312c24,apple
110,c5827bf337e5c269bf6118a7f3407e8e,apple
111,d7a0d5b147d667e4278cdb998630de01,apple
112,9adc0657af6f7f94afc30c05a6d74ff3,apple
113,55b98b32d871ef1d5e1c670088e83e09,apple
114,a79c90bbc2a2a8e7ba77f5cdd0c20656,apple
115,97cec4b8feda093f7a97f611ef4b8c65,apple
116,137044008af81cf07e3831569f150878,apple
117,b004500f3328c7d3e7983bf7e0762af1,apple
118,310a9448607e6a8c8a0189a651f8c54c,apple
119,9c46c5fbfb87e96034e8ff03fa24c500,apple
120,2c90a9d50a4cf4f554e410b2ad45b38c,apple
121,15feeba9d131e994f771bd70f1706a93,apple
122,3b14d4890a48c167016aaa4d79d077c4,apple
123,2eafeceeee4c9716bdba30f6756e420a,apple
124,b43fe861b6adce59b4a1ffb5c2bf63bf,apple
125,e9523c201899c33864c9ad68fbdc8b89,apple
126,e6e1c1eb1ec75e5b5ae07bdc805187e9,apple
127,83ba3090037307ec2a93d55afc2f4306,apple
128,c7c9fc6505a41df276287460ed5e5f3a,apple
129,f3e7e12a54f0b8e8fc29a309dbf9be53,apple
130,518389100faad865cc25eb5753308bd6,apple
131,b4c4106f94a8c35f183e4b38ee89d873,apple
132,fb8185435c4b11af32b34e2c322be014,apple
133,a909a0de46d636dc1b27a254c3c19b08,apple
134,3f4f88351e27d35512e94d37b8df13dc,apple
135,fbd1632d55397317c63bd67168dfddd8,apple
136,c6ffcf95378da81cc1ac35aee732e8ee,apple
137,e57bcc650da7efca15750d1ed5012866,apple
138,5c538f86ec0702db78a1a81b0136deba,apple
139,380292d3cde8b6749d0d4db76d459155,apple
140,a374dd0bc9dfb02c7b519e394af361ec,apple
141,50b57a7fe5876bf18e7e34014de810d9,apple
142,9ecad03d16a0cdfc98841b7ca4b9c87b,apple
143,3947bb32265f6a33ad305b75a9599ed7,apple
144,63ac2d8669a1c496f58fbd8b6ccf40c9,apple
145,f61fffd701caac1070893e1c70bafbf6,apple
146,3cf4546bdf1f22e60077c37b07861a7d,apple
147,651184cdd53f3d8a54c3984dfeade351,apple
148,e7f178fe6bec5e6ddcaef4147cb94431,apple
149,819abaf8422b0aab6b66fbddb04b0fee,apple
150,beb8b0c9241f4819ea78506cd5e27ac3,apple
151,105d26f513c2577a63aabac9f94a1390,apple
152,4397eceefc4bdf99d5c15df97e97afd0,apple
153,52c9b1dcd19b0b3fd0b0bd98429e562b,apple
154,10536df0c77118deb8cabe14a28de7dd,apple
155,5b4e0c6213d4b45178d4b26298cd3d14,apple
156,fa05385f41d91a916f6d4185216e8b78,apple
157,98cd97b591d71a86f2b6bbf142f5d2f5,apple
158,1844945d3e7bd924cf6aacb594cf8171,apple
159,d7654b0b8c079177c22639daf8118cef,apple
160,84115f5edf748ecf132555f662582ae7,apple
161,d7ba12fa82f885808abb780e393fc60d,apple
162,deff391759c90c54973c9ad694d076bb,apple
163,7095f4f00f6beb1809cff346a7c03bad,apple
164,78cb6afe336cb19b3683887c1cba497c,apple
165,90fbef7dd3f5bfd1f1f4c6049e60f3f3,apple
166,101be429e041ac23126558644c7c5c45,apple
167,893cf408d02423c9d5234f6ba72c62fd,apple
168,aa051e78e76cd84f891acb5c617eec1e,apple
169,6c976528d526a87390e631c553033fa1,apple
170,04dadffe4f4a69b7cda4a349e1bb5c18,apple
171,92538b468bdb1727cc97ba9572da04ad,apple
172,607cbbd08df94867dc16b79c48010f74,apple
173,e7caa311ab9b8ed146d1666b2c1d9e5b,apple
174,e6ac467ebb60675f1c1cb4292aa5d4b7,apple
175,2d5d7d5c5c6b0465a4bc1e6a3d51b3aa,apple
176,cc7a01afe02721f315a9b4791efb2b37,apple
177,8300b72010ec8cb44b50c96a7bfb71bf,apple
178,592273b57b18e1b1eda18fe9f571a230,apple
179,67bffb6fc88d477f92f648d15a670836,apple
180,f14b43159825ff519371d2073b66604d,apple
181,1905a51d34b5993529a81dde10eb5d43,apple
182,bede443cfdb7e6ab3f07f494fd79ef3c,apple
183,f637b43ae6cd948f4eabd63e4c592780,apple
184,dd8e1e2877d83c0c4c2a9b1d14780ca5,apple
185,0b83e2d3aee164ddb722e013b2c9b6d7,apple
186,fcf4ff79acbd2743a172f08ac9460607,apple
187,70c0ca55f50cab4486f68513866bb050,apple
188,07ee307b2e5d655ba1c0b6a5f866db44,apple
189,10e9120159203ced7bea4f575e10215e,apple
190,b2f7d83fb56206338648208ad379c1fd,apple
191,56487a675286b2cf05c254853bd6c1bb,apple
192,053c409efc1667d29580371c40e48205,apple
193,7cac49a803adfc0cae8e3993b6d2cf1a,apple
194,ee4d9697e11ef8a627d79b3da3ee9a52,apple
195,73461436f5d41001de59d9190e96bd30,apple
196,c60c4847c0104bb020d164104ac1b645,apple
197,947cd7412c44a9afe524a066bc02d46f,apple
198,4b27990f4885cd6175fc44d1776b47e2,apple
199,616dab65b71a03f137703113506f4762,apple
200,1f175b62af427121e9dab3ee893f107f,apple
201,9645cbe6082185008c4869f7efc7c883,apple
202,a3d7aa58d39338310f5a2c999748db28,apple
203,e7b89c0a47169df4b0d6b504425e8211,apple
204,0adcd1b171232507c8ba662d4ae54847,apple
205,781d1da343d7c2e3c545f31ad69f9c5a,apple
206,17cf756647dd1379a455d46051eee7d9,apple
207,da3f2ac7ac1f41662d68842bdc927ba2,apple
208,42dc4008836ae35f18c2d15508d83945,apple
209,846f514fb1f2e1185b0fbd4fde85635f,apple
210,7a251c9501c91a5a64c57356b1b13e34,apple
211,71d64ef3de98bc66e59d023804bb56f1,apple
212,d56216d95993e25ce222e11ab0499bd9,apple
213,76377d9ff0e999f5f444b189a0dec520,apple
214,28d651b65aaddb3fac99281b321a53f6,apple
215,86457812bd8961c988c53aca75bf3e0d,apple
216,c74c8c71b1df840c3cbd88a0c80281e9,apple
217,4cb5493a6ff076b51b7234b51eddb331,apple
218,75bbd07752759501fb09c1648e30b75a,apple
219,b3462f9cc0e5c9a35a8c7b78691cf75c,apple
220,37e1f18ec58e40acf2f8aa6fbc97ac11,apple
221,7b0ac65ff9e2662eea8596773f6711b2,apple
222,668aca108cc603a90f8c7a135b479bde,apple
223,9eb6aa2b9ef2abce5bfce98000f943ac,apple
224,536559375d3b1650500263d67b54eee2,apple
225,dc095bd094ae442c10c34af54032bb4a,apple
226,9512ae6890190294a7dfdd3ba96d1244,apple
227,3cd65fcb3d990760840f83560d37fef3,apple
228,30370ebb04ef8d2bc9fa0e062b97e068,apple
229,e24c9db1c18181debf0d60541d19a2cf,apple
230,32c6060e3ecc425a46125421f1147998,apple
231,128414dc21fb3dbed4b02ffb9d500248,apple
232,6422f1d8bd79f4d13c5523b06b764506,apple
233,7dc3bc7838a187f032c01fc828e707e3,apple
234,1014e99db77c6b9eccb80ab88fd79970,apple
235,25cb36344794ada763bfa013e6e204ba,apple
236,2863b7a6f555b3625966de2065377368,apple
237,f133c4ef05bed5dd0913a411e9e37491,apple
238,1807f46312a66b604458d2abd666e659,apple
239,9aa4f995d1e78660915681d7082b43d0,apple
240,771c3d780f3af641261a9091d29573ee,apple
241,591ad0f9c4d0624f468f15466a035fc9,apple
242,68164b79b2c03123a891a9fc26827d1c,apple
243,93a3adae36a7badad2eba2594a24095c,apple
244,0eaa5763c0ca2a95e596ff552cf29c0d,apple
245,955e8277d2258f3be472ce6211911cac,apple
246,e4fbab809948908573d2989306ef75f2,apple
247,8926fbe212751053d7341d16391487c3,apple
248,64f7d6be3dd597b034671244f117bdd0,apple
249,b221eee1ed9670a75b94e091d68ea28d,apple
250,00f9a2a12f78554624d690c89a5418dc,apple
251,59e64ff10604ab48fa0db9ca1f69453a,apple
252,c506bcafd9877e094b19dbba3e1f45a6,apple
253,fb1e0dc3740b1790a1777344ffaf86d4,apple
254,dc1c974d8049804cfa36a1dc63233552,apple
255,f727c1da4acca7e1c061fc6d8f402c2f,apple
256,1f6f1b761c4edbbdad1d52660668e971,apple
257,d518d43ba12840054c6e6289dda996fe,apple
258,3ef2b13438c60d189ea285f99761557c,apple
259,716d2326e9db6ab1602d3642e0b60f92,apple
260,79e1a45f5a2098ed74d590d380eaf04c,apple
261,7d568cf0974990c49eb86598cc79d0ec,apple
262,1ed685faccae8886ef7587cfd09d5973,apple
263,19225142fb00d76cdb138587492f9af6,apple
264,af8af35b2a3f18337a366c291d2f93b9,apple
265,43ed4586c05c72eaf7045e463c39db45,apple
266,a245703ab8b982a97d02513256c5f618,apple
267,c8dc7d9b5d19a185bd9f19ac0dd501b9,apple
268,45dc1dcf36ef8bcd1cdebe0a34ff3b07,apple
269,4920a8bea0ac2c759b50a22e76d5e602,apple
270,3f6f2f30582e1b652c0951f2baf12526,apple
271,209f5bfdebf44c434d2d6c1f4c661b63,apple
272,a66d999dee32fede420a916b41a18cb1,apple
273,3ecf7cf0bebb013e4cbb066de6ba8393,apple
274,0cef396adeb1637d7c66bdf32d35b4d3,apple
275,af0fc276fd3eebb1ec3c5daabaadd020,apple
276,95cf32ee03b2685bce119df66e0c4baa,apple
277,dfcbbdce6e440b120be328e9353f3b99,apple
278,8ee0ad9d2af3ef6f88b62baf8be61e5d,apple
279,994a091b1c17e32f108f25dbfe9c7cbf,apple
280,0f709236143e45dd0b8a6d1b41060761,apple
281,643e1267ff7b06acdb433c0944ea7016,apple
282,322a3fd8bff4601e800ed3c81b1e483a,apple
283,8fc84b20d7dffa74878c944256f9b888,apple
284,db400948dfc1d0a088df847ab3e7d20d,apple
285,7b21914086963b5065e1967bd38deab2,apple
286,8bc2017aa375a101644670458be39106,apple
287,270911f7b95fde4d57d8035642b4fafb,apple
288,e5f035cc3fdea4ec4727812a946153f3,apple
289,e1ffa6bf82a43c9ba47ebe1f71c52f7b,apple
290,6ea9f7d5e3a8d7939ed3e8e3d6e092b1,apple
291,4defa9947069359f8425953ef84380ce,apple
292,e2b02e82db4e062c051f99ae43993d0f,apple
293,d4161569d6f290b71d606ab45688e06f,apple
294,8b214aca53453f6851423253e551357d,apple
295,e2236ba20e543e4d183cd5f9ea878ba7,apple
296,a21038cba05f489cf1569da2bc1c02ec,apple
297,cc80b46db1f6ca9a838ed4fc55aa60e9,apple
298,554ea5c7ab05b65541203e39dc9bf67e,apple
299,213a77638a819585256821e7efdfc9b2,apple
300,49f02734bc3d6fe279c0575a8cf39e0a,apple
301,b5619778088e8c83581fd803f42b6b54,apple
302,770402b292efafae66a4a3a7707e66e2,apple
303,084ce0e22845569ee126eb8b1ddb2f14,apple
304,a63534f06e82117ba01405c16a2d3e73,apple
305,0aaed882cdce7a4c820d0e3021ece6cd,apple
306,895d64af6052bb3e0875266ad918442b,apple
307,3d7778db4b52d5a45cc282abf3124af9,apple
308,f08d408860431ff0f61b37e37a19b749,apple
309,69169462a15fcadb4943cf7895b683a5,apple
310,83ea481c6f136d8757c7f5945d4d1ebc,apple
311,da1f0243b3d91f81c5111e3b19af6f90,apple
312,1c741345c28e217db067c9e7d2309803,apple
313,cdeb2458ce9acd7d93278c7ea7c6217f,apple
314,d538e60816e1b9b35d83d92fc101ff50,apple
315,0777b73d0c2e68e773235b5b075e62a2,apple
316,4bb34e92e0d03bf7a673f8a1286db2ed,apple
317,1f9497e77c4486eb8ffa612d6fbb2330,apple
318,57160a856be3c9ae9ce8b9247dc9f65f,apple
319,cf9c4d4766dde970b8580312af20c3bd,apple
320,ab5875a4cd0086706a8b3deb238941b6,apple
321,37e4c3d260f5a4c241b9bb91c2c1f437,apple
322,aaa5f9bba32649a0e765689de4020ed2,apple
323,27bc8b4dd66e5dc28e74263c4d733655,apple
324,bb0d6c67d433c1df8ad1f9a1d1679d44,blackberry
325,2dc75f8149c96edc319159e72b22379b,blackberry
326,cf6a2a77496358d387eef266e56dabd9,blackberry
327,e6f4bc8c57f88976ada01f45de9a35f3,blackberry
328,4549f23a663250617dce39a84acc0218,blackberry
329,a7ca36f5d389e0b6bc0878ae7c709788,blackberry
330,4e29c24232ce52891ead8050fc453e2f,blackberry
331,990835b7467af529b038bf66b13a4eeb,blackberry
332,16522d3df1d5eb3dd4e03e022fb07138,blackberry
333,da45af5b46677ec18d55b8dfe0d1e10d,blackberry
334,254293d06e067f2268ddf6ef7f2b1c4a,blackberry
335,9579cbe2486a2ffe2b70187f57e77a43,blackberry
336,7c413fbe99dcb48c616110c0dc07910d,blackberry
337,16be4662a05116b8dca8e92a2522a2aa,blackberry
338,53bc37cb5a9e921ea6a7bdc73f6985db,blackberry
339,0071330e4d7288c88843ba9952d4f475,blackberry
340,af0ce2afbdbf1dbc64d56ac5ab14d9da,blackberry
341,3a15d5e78d5fc97bec2fcde87e29ba8a,blackberry
342,16900bf27dc2a8f01415ca7893907cd7,blackberry
343,181133ae8704dcfec163e0a3fc32d364,blackberry
344,609fbfa8e64972703e8039b9b27a7618,blackberry
345,fb668a94bae19d3da0fb84a3729a2745,blackberry
346,941086ee192611525b01c39adbee9d8e,blackberry
347,625d904146d7781fa83f9bec5d2d15ec,blackberry
348,5947a083e017a58a9c5e63a1c4102ac3,blackberry
349,cc9ad1f5a9ea59fc5ead948946f4261d,blackberry
350,89baf81024f66d87deab4ec5ed24f380,blackberry
351,6426e0e6cb7ee030a6680753071d8323,blackberry
352,7c53b589d6bdbf6d1ed5e3ba2bc270e2,blackberry
353,62cff503459f37d4336f78a68ee57c01,blackberry
354,3820f57a463cbe5267f7e12576f7840c,blackberry
355,b118a4f0be77cd72698d6adb5acca66b,blackberry
356,e91464ebda626794c7da9b166a988b3f,blackberry
357,4a34e4ea6f600c4c61bc5a702ba183b2,blackberry
358,7fca6954989c1b65689160858b44ac76,blackberry
359,5e05330e74a0831b206da04df8d6663b,blackberry
360,610c78b9fd0fffb5479c007017ea22d3,blackberry
361,7752d55fefb2b7f23b7a72b998059a2e,blackberry
362,7bad76f4b71194cf111b17538d976d89,blackberry
363,28dbfc94b077be13a2b0d150bc62ddf9,blackberry
364,4c67ba5993eb5897dc450b3acf359c6b,blackberry
365,fd0f64ade90893f418a5a0fd17ad349e,blackberry
366,714059b9e9784f3eb3ff689645416c86,blackberry
367,eca5432d99fae04aa445ab396114feed,blackberry
368,9bc0cd2015beea15307b858e6d239ae8,blackberry
369,16d2ae78c633e0098ab477b5640a7fb1,blackberry
370,f37fef38b424390c902d0695fe97e918,blackberry
371,a519025d38d9de22c770e218b0a6cb99,blackberry
372,033470921c9b362ebed7eb7367f194b0,blackberry
373,149d21f42a7d30827cd0ad5b2fa418ce,blackberry
374,1e12c982cf5a53fdd88828612e9c892f,blackberry
375,9ad0f3ace8e08824a498da79e12fec12,blackberry
376,b3e28a8ab93e3a90e2ce56cacb0775ef,blackberry
377,9dd66215c8a492944921ffe333e379a8,blackberry
378,a7e1651d5af55549fd1a51f43755a468,blackberry
379,ee144d59d6de0450c9751043ab540169,blackberry
380,3a974ad21fa7de453a43b76dfb21d8c9,blackberry
381,6d18279ed219c96f47056731612e8643,blackberry
382,e0e5a24fc1dd085c5dde15ec2cc1193c,blackberry
383,462b555613cdea54ab5feec83d757b8f,blackberry
384,755d5390badc516258270b45aefd2af0,blackberry
385,e6dd806eeafa82a50f3af55359d707d7,blackberry
386,a9e0378071fad2c6dc9819f149551339,blackberry
387,d553f9336047887c56d0f2baace8ffd1,blackberry
388,8834918ba170f4884d5f1d07d56c230e,blackberry
389,3a3ff6f06dab79aaee386431f9c6d25e,blackberry
390,ed12c0dd21df2761673218a67f82f45b,blackberry
391,67d0d7f852210b55602cbbccbbb71bf2,blackberry
392,767f52babfb129eaf854f92d31c65190,blackberry
393,f5832363030dc0ca0afdad7b931c3b27,blackberry
394,ee565336d0521eed7f60167bf07236bb,blackberry
395,25b1ab20818587af4da17c700c6bc9ea,blackberry
396,45bbdd64ce1942345f79820a4daa2dc5,blackberry
397,5f5dedf1b94bfea4dc77f6139ffc0086,blackberry
398,19f355a2afdb0ae601c01a5c0026604a,blackberry
399,dcfeacdb4ad90e47c668f2d491669a7d,blackberry
400,913f86c3818bd924bb02edd6e04a3abf,blackberry
401,4b1344547b217ca83ae49a41361996c3,blackberry
402,5dbad31d26376d914ae03d852f16c9d2,blackberry
403,ff55c99a14f9c22587096f6bb7586054,blackberry
404,5de0c3ffc3865f601eff7e2ee8d1f4d6,blackberry
405,ccc8bef07130b22ff6288eaaf50683f5,blackberry
406,26106e1b59c94285002efcde99632634,blackberry
407,a4ba709efeaae9c9ea3962585b19261a,blackberry
408,a00641093cb92d9fbf48acce657d1034,blackberry
409,b46d7f0c64c49cf9190927e337b7d524,blackberry
410,f77b12b11a884f9a8df223c9704821d9,blackberry
411,25a2e17e5c8fc94ab9011ae2aadd2076,blackberry
412,5654dd9b2791aed912f49922dea95560,blackberry
413,c44520d827f272151d266b898de93f42,blackberry
414,21a0f3e625b9e7a40f52d4639f133ca4,blackberry
415,9b9b2e03f8b0c4371d4d9666b879c0d7,blackberry
416,d8d9ec3a51df08213ce8cfeca56808bc,blackberry
417,d1fa75356c5da470fa60f540da29e46b,blackberry
418,e99546493bf88486529b25eeb93b21f3,blackberry
419,0a04f8bd899d7a8fcc2a44519da1164b,blackberry
420,ad3c6a5563e57a325bbe7faaf2adff7c,blackberry
421,2248953347208ad9c2acab238f8dadd5,blackberry
422,bcb5be7c67127d000cf766cbaa533ddc,blackberry
423,c04fa8720b96a6407137d1f27848fdbd,blackberry
424,2965db095255d9ae30d575b7db97496a,blackberry
425,dc802a2ab493155bd156f7b3815df763,blackberry
426,2e018e047f59ab234ffdb08ad26612d7,blackberry
427,3abf29a638700cb94eefdc85643d39f5,blackberry
428,0b9d7b48b56e22c01b629348f45af436,blackberry
429,5610f3f6ac16ae50f6426384d727899d,blackberry
430,a52bb21f185de0c26e2cfed9fdbb01d6,blackberry
431,5171a5a1048dae969dbff0b42a9b50b8,blackberry
432,c6de9dffeb549124c6a3584518d8cd93,blackberry
433,556677c7bd28da2874c006ae4d555499,blackberry
434,b0dad38519aa769689fe25a392d15043,blackberry
435,4c5cdd449bc05b35d26c18820c05cf49,blackberry
436,238f6e2314003e0eb0c957c4447375cc,blackberry
437,f11145113034e5536532f67b56f00f23,blackberry
438,f8fa2c69787731e0314ff7d00fce81b4,blackberry
439,506bca750202e386d3646019a8943ac0,blackberry
440,6d7a9dd5e544b5a982d31ca71be769d1,blackberry
441,4db515a15a085722899dc4727a40517e,blackberry
442,bb1d764201129e1fc00879683ca9991d,blackberry
443,6882b2a409cc932724423a2b7c286094,blackberry
444,e90bf5cdf4c7b324ed717ae4de04b27d,blackberry
445,1bd00b944d6c878dbe94650c618d62a1,blackberry
446,1afaf9554f56608a85c6ffbbd14fab2e,blackberry
447,65cc45e89c360b21bb0b9fe7a57529e0,blackberry
448,ddd75ca9336b1e2dc090ed1f13af4c6a,blackberry
449,bbfd0cb7972ed30897688ae813499d5c,blackberry
450,42b306541719aa5da0c7c5544e690214,blackberry
451,4200c44498dadae5d1fef6ee8983755d,blackberry
452,db3369d5f9236b25502d02b49a523121,blackberry
453,617a7a647fd81c3737dc3f31599b14ca,blackberry
454,5579a3140d08a421bb35fbe8eaff33f8,blackberry
455,e7a82fb139287347f372f44d30fa3e8e,blackberry
456,34ad1baa43dbe9be97b2729432784029,blackberry
457,3182548cb9d2132d4d8e06bcf0545a22,blackberry
458,d244dfd7a333bc9e6f53ff0a99d99dfd,blackberry
459,ecfbd0634ca49e76b1fe12bdf0989bb5,blackberry
460,8a4be7f2818f6a59b5fb534b255e0efc,blackberry
461,22fa53a9bec574be2c7958d1d446c44f,blackberry
462,a862b27790559fd1061516cb02d06a5f,blackberry
463,1240222c014118b464307655bff46ddc,blackberry
464,f912f69c37ecbcea0f6f7423689dc91c,blackberry
465,185d47c552384b115a1b6d87e4197c59,blackberry
466,277ff9c98b5e7f3ccf79a3fb313d5ffd,blackberry
467,6c46759ec14b8e5ce5da7f1565c5cb0d,blackberry
468,16ac45c40d6b3f0a0e9bb440e4e812e6,blackberry
469,307c6891950907421a3a80457f0576cd,blackberry
470,bcd10265f29899167f1879ac7c74298b,blackberry
471,0cc01d4f66af7d80615ff9a423fedc2f,blackberry
472,dc5f40ab87178b2a83ac6772654986e6,blackberry
473,d099696905edd8bf8434cb896efad057,blackberry
474,25699ccf70233a29196d4890e2bc6660,blackberry
475,d8c3a6e09ac79f219125e04d5909593b,blackberry
476,41119ee669d607c5fa6165c890831a9c,blackberry
477,08b69d845f357c70eb36e08e87db74ee,blackberry
478,6c77eced807ddda1f3ce815e480c8cc1,blackberry
479,18920da02ec0a01c4bd6c0f0b5f6fb63,blackberry
480,141fcb7b9d0c50e3308b339e661a171b,blackberry
481,bfd933b413a51495d55969012be24b37,blackberry
482,dfa049cdcb2a66b5ba86c8fe38403169,blackberry
483,a4e7238b7fcc3b2497d7dd98abc106f7,blackberry
484,68aea5b863ce1a04705a0c015a0ec55a,blackberry
485,d3a7d2c5834b9ad9ef6edb6c2c2e1ae7,blackberry
486,c932cad41c86267b034438d903804e5c,blackberry
487,80fec0ab3be2d1e7da92d4f651ee167a,blackberry
488,b7c323bc2b193a068c2902e6c3f9d1e0,blackberry
489,821050c1bb45a7999209af19cac5a51f,blackberry
490,f880ff6e1db40b271ee1e84088d055a5,blackberry
491,611d5903ef0e6afce47b725c91f10d7d,blackberry
492,fcd33002ccee0b43f04f6ff538a733ae,blackberry
493,47f51f54d0d9c88a0422d670f8b68bf1,blackberry
494,87e7a3278dc987f31b8b674c672525bf,blackberry
495,f80e7cf662512d0992669306282049b1,blackberry
496,aee0aba12154574957ccce7cf433e2cc,blackberry
497,46d2f5766ce6bff00f7c136de1b67c7c,blackberry
498,fc97016b43360b49a3ca244b9305a710,blackberry
499,b359d614c934d3cd0ee07252b3620ba8,blackberry
500,89c3295bd32393d9dedd9e8b42dde45e,blackberry
501,d9d2ed2ec30324e0284f22e3ab74e7ee,blackberry
502,2e18d7ab9eafbb0922ff7598dbc1c492,blackberry
503,e12ab23f6873552cd75ab068c0ef1da6,blackberry
504,2efeca5689264ec1e3a0589a045851f6,blackberry
505,b8647b2ca0d26dc2140cae5d1bc0af8a,blackberry
506,e46173f628c6a4c0ef6b75efb2bf0dbf,blackberry
507,650f09c57f9f40ba7d0383314a80f464,blackberry
508,0453e97f2dd9ec9b211d90db14c59bbf,blackberry
509,9879e31f9f840d169d6a9910d7d258ab,blackberry
510,d6af0c1569ed2dfd84d6b5b72750aa2c,blackberry
511,4861b7505e7a030778c21e47a6f32afb,blackberry
512,6a512a00903af0c3654fcbf08964b1fd,blackberry
513,783192d5f9c088c5122d949bc180a7da,blackberry
514,8e43b257197a7fcd3cb189dd35cfe63c,blackberry
515,0884ddd77e4a7d2cd46b2b8176877395,blackberry
516,51fa4807f70fa29655dcd4eaf4c3ced5,blackberry
517,b22288f79ab96ccef4ad61dcd9480d2a,blackberry
518,10688a8a98fb649b4f1787e93288c571,blackberry
519,ed7a18c85b8dc3a0fe38bc8cf07de026,blackberry
520,cffa5ab24912790fbdfe57f36665fa90,blackberry
521,2e221b2f79c00ee0485b639e85cd64af,blackberry
522,398d9ce596e8ce15c1a8a92880c0bd6e,blackberry
523,043aa27a9c53d795855334e6c8b5458f,blackberry
524,2c22ea21e4bcaf3e8dc8f1fefcecc813,blackberry
525,8c316193dfd08f417feb322cd9f403b0,blackberry
526,3b482e35a0b490b83ec3fb432160c9b3,blackberry
527,6c6e4ba0238cc48bc91cac0c388df5ba,blackberry
528,abaea3dea340a639ecd3bc09a283b05c,blackberry
529,ac23f7794c11570afe58ef443d5a7be1,blackberry
530,d4bed59c7ad0bc84c5bf38f5dd62e1a0,blackberry
531,a3fb0355e58b3674ff1a3c2e9305d205,blackberry
532,8a0c7ea023a650275212e55ef6759a13,blackberry
533,98be0d484ad10353040a2b400d0fef3a,blackberry
534,6abf27c1b84f59677aed0e1ac226e790,blackberry
535,9cafbf91e470b277c686561423c3c5ea,blackberry
536,9d4808d4fa2311f89f219fde0e1c58a7,blackberry
537,158eed77ae680a2ec9b4ab423ff19159,blackberry
538,4886b6d963f859164bfcdbce3c784ad7,blackberry
539,602ba80c12411e0032949fe985929ca3,blackberry
540,3d22b1c7b21487f60609a5d2a47a1368,blackberry
541,84cfafb1ba40638d93c0028277cd54db,blackberry
542,452e3e812362363385ca6b5f67173466,blackberry
543,e1c9bbf3ae03ba99c24d6099bf16a9f1,blackberry
544,37231f468eaa95a39b7a43381b2fadcb,blackberry
545,719083efe37ca2a90cd6ad0f897f45a1,blackberry
546,a3b23f5fac49c1fbffa52843418580b0,blackberry
547,0ab787de44fe40c2765feb16ad5e8248,blackberry
548,f4a1005922c779659f00d7815fa057ab,blackberry
549,6393bab2897ebb167dbf78098e4599e7,blackberry
550,1c3cdb9d630f765d565874514e3b571e,blackberry
551,4814591823d808447847a235a49f9860,blackberry
552,6d094dccee40319fd42ee5244103ae1f,blackberry
553,5546097861484d17bf722065cc7e2d06,blackberry
554,171e5ccad497d92980e6ff7ecb8f9247,blackberry
555,319a3b5247f19fb06a2c49446125380d,blackberry
556,417e7c61ade6824d41b0f1bf90e47941,blackberry
557,52127c232bc91d48d120976e931e8747,blackberry
558,d45597d7437c031c51ff00e58e61c748,blackberry
559,9483abcf463feb6abfbd80e45db9f660,blackberry
560,477157aa8e77731024d9976c7bf90a65,blackberry
561,d3ba457f6a93d30bc17711f3bee41b8c,blackberry
562,6bd7e5b4305efa21628d020ad389494d,blackberry
563,25c4ca7f20aa37f687dbaf6f80ef00d5,blackberry
564,35a2176d593c06dc0edf55e6c9ba08bc,blackberry
565,b8568a10256b7d79762c1b3dcdcf4c4a,blackberry
566,b88140e1f904fc0db7553672513ac3f3,blackberry
567,9c93820c1f8209b8b97561ffda035cfe,blackberry
568,21dca2eca22f6abbe9f1c61fccc96ef6,blackberry
569,b542a604f56841680dfeebdf9f714bc4,blackberry
570,7e133c4f1b55e3d83303dac8b88ba481,blackberry
571,be84c3016da56bdd6ce605e9c1101bf9,blackberry
572,90eaaad69577a9b28d4288faaf29e087,blackberry
573,1640c87e8831f6a0d4f1d27a322bb3d1,blackberry
574,633d78f6d61bf7905b39d7cb303847e1,blackberry
575,857b8710fe9e9f1c0804d8fcc7cd7aa6,blackberry
576,38696c03a3d83a3dd8d4598163d6cac0,blackberry
577,ed9f97d9a7593d85ea933cbd6630ce6e,blackberry
578,fb1aa64c47b3a7dee34f1214390781f6,blackberry
579,c74e3d29b412d18e5296cbfc250c6b10,blackberry
580,798175e8c75ab00fcafcbc7cbde84355,blackberry
581,17b54b77dc8bcceb542b7224a0361a96,blackberry
582,88e17e3ec4203f41966189ede3c9d19e,blackberry
583,c1e58e331c348b1095868edeaf3a59f4,blackberry
584,df23a282a2c2724b108cb29599599a15,blackberry
585,5274b7695c7bdfacccfdfa1ba367c34f,blackberry
586,d3e8f8e0e4b6b51e681ec01d75c70336,blackberry
587,39083e86d0e9123fe659c6ef93a95b8c,blackberry
588,7658b618c52ed37ea442af1dee69f611,blackberry
589,37488e3bf00463493be5ca72e8595911,blackberry
590,ff0416a4aea04b4e4f661f71b78ecdab,blackberry
591,eed014c6f1de5f407ff541573d729f6b,blackberry
592,746736c5262b9fdd935fdc6fb3e65057,blackberry
593,8f26816455ca859377a4acd0fbc5e9cd,blackberry
594,660c20e90dd8ec18a92b9d0735264cda,blackberry
595,37d161db2329dc267c68aa89b5e98e29,blackberry
596,4e4a9478beea4df15cdfba96d0e9275e,blackberry
597,d05b5b89848b25a70b41575c950e7f8c,blackberry
598,b31eedf1a91ed20252f5e2f33bbc1dd8,blueberry
599,09b399c5093d2f2dd72ee725342c9ffd,blueberry
600,a8d34ee6e2677041f9f8d4e1e9b44d7b,blueberry
601,cf3e7d231d49f402a27d186e5d0145a7,blueberry
602,d57b5aee4ec4b6184f36905323230626,blueberry
603,078dc64b6dceeec7c97a8c4b72f91079,blueberry
604,295a357ee9ba7b61979e5c8841658aea,blueberry
605,ad9c3994f5d014b8798c32dc03a70f5d,blueberry
606,b2a3ae14f20facf7212ea9b0c775b817,blueberry
607,43a344186916903941abc17a15198901,blueberry
608,d1947824d4ad44a441883ce65ab6c079,blueberry
609,5d45bc061a3872f48cbd1a088b56c16c,blueberry
610,b1d5c123aa2c3153a39fa07aa1424880,blueberry
611,6185920be8945bc5ef4a795a68097e6e,blueberry
612,e8b9a05f005a96732f57241facc9a03e,blueberry
613,dc5d84597e385da5ddab4f275b71e337,blueberry
614,e7ac499cf8da6cae9c0d99c84ba76fc0,blueberry
615,e9b0330d20d55fe2be6e3006ea73aeb8,blueberry
616,dabf320822b99e1a1478734ead56535a,blueberry
617,d2f169c97f09c40131e5e40518168fae,blueberry
618,77f10630a9c27ac643d92fa25990ffeb,blueberry
619,1e1db417bac17981c1fdd368f3c3cf82,blueberry
620,98927b1f3140fb04cd7d1c2ef60b3af6,blueberry
621,26835d8a029d60790822439a5a64fdfc,blueberry
622,5311a48cce0ca628a4b428d7a9e65fee,blueberry
623,0493af379a9b58b89fb186261b275623,blueberry
624,1cd9374e1e18b17fd68a219f52b2bf98,blueberry
625,0c755236ede247a1351381f3a8864e77,blueberry
626,f421bbef31e13a8767c19eec12735675,blueberry
627,e2065c47cf428aa581d5708421466e94,blueberry
628,7fd1432170c0789157081bf7c7aba2f7,blueberry
629,3b69e1cba35374b4c68204d3c2302202,blueberry
630,10bd591a20a9f408ad34b4ccc7b7061e,blueberry
631,5d37bef6e5edbe9c8a97fced7b917a95,blueberry
632,df24852ff60fcac266375a1121ad3d0e,blueberry
633,c643b4a50090afe0dedae8fc8a51e124,blueberry
634,33f7e39b074b49f333d136465a5287e6,blueberry
635,75c51b172818d7e1b125441641606f54,blueberry
636,b7c3286080e5a2f16ef796c370229243,blueberry
637,3b4babacf0f7802202ede22674667ceb,blueberry
638,de82e7205d8080bca6b8d5f69234b028,blueberry
639,c89be5be0e95e155dcfc039fafaab96c,blueberry
640,2d6b01b54487da26e6101eaeca6f337e,blueberry
641,2562384679540f250a457a3a967851d5,blueberry
642,c8d935a4f936dd390ed6779dd2fb3208,blueberry
643,210f5d0a51c531b727f283aedbb34a01,blueberry
644,c665b55648f1add81f3542e91f0fdfa9,blueberry
645,a5b207063ab40d7d90c339a093350e87,blueberry
646,25d5c7273904170a1615c52c04337b2e,blueberry
647,b8eb21febfb426081ef4739acc01910a,blueberry
648,199188907d6ffee99133936d7b55aa4d,blueberry
649,6fcbb770c63246c7609f89df3e43cab5,blueberry
650,9a6ed2b9a3d8a6cfc7b7f48cc8ed9f36,blueberry
651,937e2713e7e48b09cc9b197ef7912ef8,blueberry
652,e447c2982129f89ef756eed97f117e3c,blueberry
653,feb04b878359aedd4378c40a2bb4d07d,blueberry
654,7b562874d5d792da8401edd86dda2385,blueberry
655,fd9235650b3b6c75978bf78c10386be8,blueberry
656,560cb2af7305c7198ce27e0a3c55b30c,blueberry
657,21c55630fc3cde02dd5cf318ea69d94c,blueberry
658,1d6b0ddcadee876f99cd24b534acefd6,blueberry
659,1d15cb3aa32f074a8280c80c1f653574,blueberry
660,503fcb6fdd304803c82b043956138137,blueberry
661,e0a3b10496092f1c8cfa11bc06b98277,blueberry
662,580cdd8e28316a540fbfc9a11304ec0f,blueberry
663,054d1645e29dc5f1b9ef1385285397eb,blueberry
664,de1279241887da55d11fa4ff5f122039,blueberry
665,19b39c7382bd341418658c56a61bac5b,blueberry
666,45e6df373b2bf4b6c115f7358bf5d236,blueberry
667,beb8af5939f9031075670a9a7097049d,blueberry
668,ec546a4d8db1f61e0bede9175e1d866b,blueberry
669,e218b7597022f75e6ae2395faf2572ee,blueberry
670,61c5fe195000d89d356955b103c33776,blueberry
671,179f13e78c2befeaf0797da2ed7daf39,blueberry
672,e20f8abda48bc89f876a8fe73aeaba4a,blueberry
673,ab39a1d973e806e8fcc9c0c4d6c84747,blueberry
674,f4858f688debe1f44642ff82d3109b8f,blueberry
675,1c80a520c1bc14a88a1e70cf1482a9b0,blueberry
676,605299dd801a5ac165b58db3022a6be9,blueberry
677,7b72ab89c5ff145d035345f7983794fe,blueberry
678,15995785863ed6be13149c3f5e2363e2,blueberry
679,b3581c2ab643d3b2a52560ee0f1f65f6,blueberry
680,3297f5516b0afddb0ce96c1d6a5cdade,blueberry
681,9ab0b3bd399310f5cafad7f785ebd055,blueberry
682,10ec6ee33173b8d4c8989e14c81215d1,blueberry
683,0734f5a567398efe6670ab441f859fea,blueberry
684,135002e9c4d7f7bae92f0d329ac6b63f,blueberry
685,0a8c71cc5e47e653f8dd9bd621aee6e6,blueberry
686,c98f13830047caca9c2768f1f504499b,blueberry
687,f9a42c80545f2e43dec3f1f4506d0b7a,blueberry
688,1c550f9ca3c20d8e7387573d3e899836,blueberry
689,d3be9eb5897d0d8f6439457febb15824,blueberry
690,000e9fde96b1941d70983c03365ad8ea,blueberry
691,08855e346e1cd28639cfad295753b268,blueberry
692,5fa84abfc1be007b5621911ca65631b0,blueberry
693,c1a9f93bb6367b45911a0a10fbc91e55,blueberry
694,a8f1a51e4bf0a64f4f52f558b5116e5e,blueberry
695,9d38968aa879de030061f0ca6a3abad9,blueberry
696,e41872bca7601fb2292bb24e9333fb29,blueberry
697,2b56ddbd18fd2d5a4f8323ea6b02ae51,blueberry
698,4a7f6144e8b2b3a23b40fa73938f12a2,blueberry
699,b8daf53b95c82630d8e5c107281bb96c,blueberry
700,f4b714e1429f3df27ef5868b3387b100,blueberry
701,1d1d3e4d1f6ae56b2be39d4c02b5f50c,blueberry
702,f1d2f690a03ad7a8b5a47166b9ce8096,blueberry
703,030f081213d584f88cfa1f4154a61ac4,blueberry
704,a7897b169fd00839985c3d5b3249100b,blueberry
705,d605ae9fa52f8fe60a824ce3d8387137,blueberry
706,1e2381b4a3fefead7fefc82d79c2c8bd,blueberry
707,c940caa99db79dbf526040394aa5581e,blueberry
708,4921ebbf6127c84ce6030ea29e0af38a,blueberry
709,73973a1947311901920fe12be7e0a7b3,blueberry
710,136fe12f2717f0ac5964e19fbf02b061,blueberry
711,8e4a316b567e52bd4f70105057a545a3,blueberry
712,d1d9b6065e104335317b7ff75043cb80,blueberry
713,acf72d5a8e7632c75da07e75088a2210,blueberry
714,983efdab7a7b6800f3cd58880a107da3,blueberry
715,df9e4a44eaa65983241cdfd7d05f6b7d,blueberry
716,2be8c41eeb8288a9e067e2187c4ba428,blueberry
717,ccba6c7dc6d3146340bdde73ec992ae3,blueberry
718,67767679756b8fa8dd52d3f76152d9f4,blueberry
719,4e59112c5040ac0b3e479c4ce5c0e0a6,blueberry
720,257fcc4da87b23f8fae04d5116229413,blueberry
721,7ce84f3503764308ea1640e950c8c62c,blueberry
722,ca611b6eabb2440eea6f3c0c893f769f,blueberry
723,497a6c751b53093c8c770d53fc4b874d,blueberry
724,2cca388c7f9d7c78fe4f8e2c70f9a4ec,blueberry
725,0f104b497b80ca98b9f14ade64de8391,blueberry
726,43d8ac2220fb2f271119214b340df132,blueberry
727,5ad5057ce1262dce703526204a5c6fd6,blueberry
728,754223e8c8e86061498da10bbb52a318,blueberry
729,b8864eaa4d0611801cd99b6907feb4e5,blueberry
730,1589e0dfeb122a55c544e8c39e00e5e2,blueberry
731,b59b09a391f645ca0246211916450107,blueberry
732,177e30db2f33bd362bb4df08c2888a79,blueberry
733,ad548bb84be2552aa89213bbd8ffdf04,blueberry
734,d0020ad4f1e73252ce940d639b9ddba1,blueberry
735,c62aea17cd3613ddd71ce926d1214072,blueberry
736,af0b2581afaf0a55f26a6886347befd7,blueberry
737,b3eb6d5d93530a6c037e7b1773772862,blueberry
738,a93dfa2660b7aba6a40249ab83d9df49,blueberry
739,b2de965c27c31bd07e4b798c4c2c248f,blueberry
740,269a5052c1670c1d2a541f4ceb0a22e0,blueberry
741,1d3f8647d3a94e3d42f27b30f09342da,blueberry
742,6c49cd270a8cb42031592227c044fd46,blueberry
743,fec24ee0a0cd6840eb341cccead65601,blueberry
744,372a6929da9da885b4d45d78e8216ada,blueberry
745,12080c2b0eb96372c0173c31a38f42a9,blueberry
746,7d4c6a5087d6122441fc5d5fda80bf96,blueberry
747,d80225c09fcadf8debb565a6fca41205,blueberry
748,dd8b767c5250cfb480b07aeff482fe6e,blueberry
749,8382204994bd18814af0f3756f0ca08f,blueberry
750,04855d7d052387081dc36e9427f223f5,blueberry
751,15e4444a07470df598c687fc55846685,blueberry
752,fb3bc8bfd7ea51a0e5b361951609c626,blueberry
753,a5b1f0ab23bc5b3b25029090bf14fe9b,blueberry
754,ac3909271377b07c0e9dc8b0077a8169,blueberry
755,5cfd34dc51703c0998a88872069ca57f,blueberry
756,59d173e95fc2f053d6a39645970db376,blueberry
757,6d9600858b40d922841207ecac51b5d5,blueberry
758,fe76db3606af68608cd78733975d8c60,blueberry
759,27deaaffa3905e7189853362c136a5ad,blueberry
760,fc3f3a86111febf7b374ec26a146f2bf,blueberry
761,6112ac00b63efea2f6017300f1557df4,blueberry
762,3857d5e8f3fd2eca263db351865e3fc3,blueberry
763,003038df1df0fdc0de326569f611c15b,blueberry
764,ffaecce17d68275209ae006953c26b03,blueberry
765,6cc4cda51da46f603e43b7251628e9ff,blueberry
766,09eaaa1f405ad756e06929875311448e,blueberry
767,611d8970b2d31994a912fb9a62686596,blueberry
768,11b6345a07c3349df29c98efbd160308,blueberry
769,b6cf0e45244e469f54aadcbcd8731900,blueberry
770,2e4a08febfd7da89423c4213e97f22ae,blueberry
771,cabd89830912b32cfdd14c499e6b9156,blueberry
772,83d6417ace270f979769f98a9cdfc9bb,blueberry
773,50236e9016cd38cee9901c6c685a928c,blueberry
774,1131ad0a8d8f269825202fd2b13a3197,blueberry
775,6c625aac5a43d9481b55c74d72a9f61a,blueberry
776,004922cedf3aacbf78384b4495d8e5c3,blueberry
777,c422183cc13e129cd5c2205b3b3ebafb,blueberry
778,93736b9c8af730ee64dd872b2cd20220,blueberry
779,392e12fe028e611d7a181998145f2ec0,blueberry
780,8e4eb3d0eead37825b5e01cb09712bfb,blueberry
781,4e7b0d4f0ad860e6db2d76c7f1488b88,blueberry
782,fe8b96eaeeeb07c36a41be4930cf03c9,blueberry
783,9b5f9687388a13695232453baa2f731c,blueberry
784,e079e1a26c2cafda396b40074c31a609,blueberry
785,5cd3cfcf04450d8d4506ca838922f030,blueberry
786,a589bc77ea411c7276f90488cf61a89b,blueberry
787,96050f8a322f7151ae9b798abccdd385,blueberry
788,10b730cd4b3dd244a895bf4af87e3472,blueberry
789,305ae3671864f0833971bc74c34c5ab1,blueberry
790,cbc85df931cee0af0fe6e7a9ae1f5531,blueberry
791,b6c02aff8482d20d3c47a9a70048a250,blueberry
792,e47d65cc1fc01ab69db4f1b35606a57c,blueberry
793,1b644f75e51a3819d8369822a0a3acab,blueberry
794,0554998a7d1271a564268ac3a32531aa,blueberry
795,d0bd6d74d8c44f699615a78d52e12365,blueberry
796,ec28f71a87b4e817e36217686a44a8da,blueberry
797,e43d3157f0f226bb7af2ba8bb4d501c3,blueberry
798,b864da3cd13bc43d05a26c97e9c99df9,blueberry
799,c91756aadd122503857b860c66ec88d2,blueberry
800,74e664fd77f135ab544ccb7d8b1d739a,blueberry
801,848d94f3bea21d572ee96725a37836a7,blueberry
802,6daf8a76d29ba5f4ea6ec6d47f6ca851,blueberry
803,a1d40858f9d4e869213e51c94a698639,blueberry
804,66ba016f8d2257e5142ed909f1b7a6ce,blueberry
805,ffe436a5a37144fe8b66636cc3949af7,blueberry
806,37c0ccf000fda47ed1172b3865c63afc,blueberry
807,84ec97b9c8ceba12e6c8c1cce628588e,blueberry
808,ae4353da3da26a2bb8adcfdf12c29d3a,blueberry
809,9161329243a8e23a0fef99add93c49ff,blueberry
810,35cf9f60296e5d7e59a9b912350fceea,blueberry
811,6cf856c0bbb777fb817cf23dcadc95aa,blueberry
812,a7f01077a379184a1c096c5f1394f9bc,blueberry
813,cb02fec7d0135b06e90d966d9e433bd8,blueberry
814,4a0c086c45a8389e5da4f2bef3cfd337,blueberry
815,19ec40549319be8103ccbafc68f9f74b,blueberry
816,a69002089e33c0ae4ae6872223856279,blueberry
817,c074d9b241a7eb585aadee42a31f2548,blueberry
818,0596aa95a1b9c93ca2739ef9b3f920c4,blueberry
819,79fdc14282e63adb3869eceef5b71b2d,blueberry
820,fee2ea6eee1d873405d6162e6bf9b408,blueberry
821,fbd0229966908c80c0f94a3899162785,blueberry
822,300dd6dea64835555d690b468505fcde,blueberry
823,0b1dcae5c57248beb2f5c942f72e39d1,blueberry
824,5e834290c10a18b3c5262a1e3470cbfe,blueberry
825,ea8227bd1c9a203e13c781bebe46745c,blueberry
826,a3c1d3556688a81d49a683d48c0b298f,blueberry
827,9fe4622765103e8e16a142bbb61170c1,blueberry
828,ff5003fa90375131d66a3d9af95a0949,blueberry
829,d7378c17d312f764cab7ff5f15bf67b0,blueberry
830,180ea5dd9bd48e554402a2f5b8eed5f4,blueberry
831,d24d6e6dc32e92fc5e9a3fafb2546b34,blueberry
832,41172406a1d02626d301b96be374a92a,blueberry
833,a1cb7b459fde65045ad1cde2af56dbe2,blueberry
834,74b677de2c0d7b14742b9bf216596e2d,blueberry
835,c8c3899dea9f3b02296df04fc9e76fa8,blueberry
836,4af20d090e124b736896bbf4c49d59a7,blueberry
837,7f42a31182cd0503f719380eb89606da,blueberry
838,03624e29edf2517834bef240902b14e6,blueberry
839,74af526f874ed7c418e1ac7e6a697d1b,blueberry
840,6c3b3144d1f599a961203d7a66738496,blueberry
841,ea80f95fc39445f9637770536e98bc1e,blueberry
842,48c84ac8dbbfc654a4c51f8829008f1d,blueberry
843,d2d0b653464bc00059f30f07d8316083,blueberry
844,d60e5c649671d5063b2874cfc9094493,blueberry
845,6d54e7e65092b02d5ebf3c4f07044727,blueberry
846,7bef1b37b42852cf75ba0cd5687512c7,blueberry
847,6a0f21c0233d4cef5b308c73a40f9569,blueberry
848,89d959116d0eabbcd3b327d06b68fea1,blueberry
849,d60cfa103c78416bbce8c1f6972d6b46,blueberry
850,252cd078703c9f48506ed40cb41db528,blueberry
851,3d7552aba356d122566df379bc435cfb,blueberry
852,79dbe864510fb3b6bf6407c06aac75e8,blueberry
853,f994534ac9e6f401374622e2a7218bf1,blueberry
854,574c2e5f49b3e8df39b26b7650f52606,blueberry
855,6f67e3c0041c138059bd7823de18e1fa,blueberry
856,d06fa58f48c74d873ff0e3a8c56d4558,blueberry
857,b6a93e947f2cb997965c1460a6046f64,blueberry
858,7383321762e99068cce0c7d96c261781,blueberry
859,f46f2b5ad88cdd6ba3e51173edee817a,blueberry
860,14681f677bd758561c40ba60bf7387b2,blueberry
861,fbc14ad5ec662c7f4b02c49a17bce3d3,blueberry
862,8dfa344fbf12071288c7acebcbc62f24,blueberry
863,ac495766ffad2f8d68b69ce4897dc98e,blueberry
864,062dd3a1da1c9341e0258b6b3539c270,blueberry
865,c12cc70cbe20e8d579a553dbed9e69de,blueberry
866,647657e1c8596aa8ff138244909ba777,blueberry
867,5eae292ccda67990b822a82629c155e1,blueberry
868,721966362b405a08e2ab3454e43e1a7e,blueberry
869,f94e7cf52b3c2bb9450fdfc41a73bb34,blueberry
870,269bfb8753893f3596aafc7b0fa9ad53,blueberry
871,aa48e7b8f3c01cfc19a1c55b627b9d77,blueberry
872,2ee272b5fcaefe0d0d3d268ee7859165,blueberry
873,6bda104c0bd3bd1555b7567a5405d1ae,blueberry
874,eb99dc84fafdf8453591148240e58174,blueberry
875,d4f14a3b27df31e110d47fda3f4c26eb,blueberry
876,9ea36b49910461b71385df48528e8945,blueberry
877,bc122fc0a4085452caa7751ec319685a,blueberry
878,cfd30dc4d757de6baf071b12f85d8a40,blueberry
879,3ba673656bd03b4520ad7253cc19c261,blueberry
880,2fc89b13db0ab7f02463fdd89ef4131d,blueberry
881,a80b35c7bc4da0f7f268ad97839d1a1f,blueberry
882,e5472eade7a0f9ca75d27982351f2f84,blueberry
883,f9e3ec352ca3554f4a458bcd5522243e,blueberry
884,f3dfcf8e65ed42b1a736e7182245bc7c,blueberry
885,2e1ededbeb965e39c0e3dffb0bcbd412,blueberry
886,652212acc79bf673e46cc334c34dcc02,blueberry
887,f02134b8918adbaecb5a02ca392b2042,blueberry
888,c88bde4c85330c9ba92af56cd6e67aba,blueberry
889,27da587c658998855f8d0b508e937594,blueberry
890,c9dc02bc649ac13348ae19a3b7ac1858,blueberry
891,4c767fd60ba324f244116d8a29ed5884,blueberry
892,a5499309b99b09def38638efea622bc0,blueberry
893,a8d7468e4e9ac2c4db5c134adaaeab13,blueberry
894,78a6d897c83f06017f1a80aa2002ec15,blueberry
895,99dd4ae2429cb95f3a944788a54fa6b7,blueberry
896,bbc056ef01976360f7cb7e1aa5ec8444,blueberry
897,d7cd1a62db5317e2e7d58615cb8d6e56,blueberry
898,6f8b2954e15392063fc69ccd5a4d0b7e,blueberry
899,0fdbcb3f0a678753d64a9c2df2d95ded,blueberry
900,19f5b8cf11cd1e9b16720b03774d4281,blueberry
901,26594754408065edf61c3063b2f25019,blueberry
902,55a9106356d1f0f27f2b1d0a2e0c5ec7,blueberry
903,ba64fa2ab2179428bfdf6f0bfd819a9c,blueberry
904,a9e1e9b54032eb74a2f203a925aced3e,blueberry
905,205a8bdc47bc9d19646389b0e599276a,blueberry
906,b9ead73eee20155da806b546bcac9967,blueberry
907,aa1f1fe411959794fee77332cebbeebc,blueberry
908,ee99e6038795f126ecbe4fe0fa8b5554,blueberry
909,0cbca85f8d2a6323fa96888448e8d066,blueberry
910,36d03e7ce29c68d9cc502798eb8eaa3a,blueberry
911,12edb595361b8de7a8a64d43d786fab0,blueberry
912,7012da639041aa0811ac1817a14e7bd8,blueberry
913,1ee0100031dfc947d0497737a88d59d1,blueberry
914,9f445cdd33c160f23e2d42e856629ca9,blueberry
915,f941408cf1db5ae1c52f7277ac8ccfe9,blueberry
916,14c86cb68414afac0020055b81846dc9,blueberry
917,e0f8faf4fec0a745cb11c6a1e5e8a32a,blueberry
918,89dc0d4cff61533d3d928697b7542c6e,blueberry
919,406feed53449633345e4cd2cf12a958d,blueberry
920,43800950d61364e7bca82c6ee16620a5,blueberry
921,7981e2f48824eed48f25589e3fd4b87a,blueberry
922,0270e68442e74b151e9f72657794d4e5,blueberry
923,eb4d8bf5a4b3748c5abccf2f07871d09,blueberry
924,16b41437f12d1731015bb1bfd4b57648,blueberry
925,6169d7f9a8ddb6ae8005f8deec3aea72,blueberry
926,e6b58aa0526cdd1300553bbaa7c22850,blueberry
927,2c88349d77a5ef7c99f31c221806003a,blueberry
928,79bdad28d50eded5be70afef7a9a2154,blueberry
929,789cbba19cb5cc8ee8ac4443a0eab6b8,blueberry
930,ab7497270b53b6bf7b15a853eb18f90f,blueberry
931,d79b2e6d6b275bd2f972df3e3aaac243,blueberry
932,e90a60f2b68dfdb6e43732cfa0188ba0,blueberry
933,532a57734317ef79a0c186dae2d6ee2e,blueberry
934,23d083b43a849d085f8274fcdfa193e9,blueberry
935,1c7fc0a3e95f758d00ea24c587c9e80e,blueberry
936,b13e753ad565374a13762f90c2a01c65,blueberry
937,8949bebef961a9b537759365287909b2,blueberry
938,ab7497270b53b6bf7b15a853eb18f90f,blueberry
939,796ac3683097faf6ad9bdf0841bb65cb,blueberry
940,8622a115008569d1c3dfd061db294854,blueberry
941,80e9c54a42fbb75010d0a98c0b510531,blueberry
942,2ac1fcbad95c416c7f2156badef6b0f3,blueberry
943,05488625f5251169ed0ee3a4307f3eb4,blueberry
944,94e2fed802cdeef6f2927fc16f9c1e47,blueberry
945,0ef8aa6b0b835b3c8540ab7fef395160,blueberry
946,d57dbedd50a26b0ea1bf5f67e05ea739,blueberry
947,fa58af8a205e7319715256de4ac03ea1,blueberry
948,335b124711748c6e48cf15eb31d163c5,blueberry
949,cbdd78370f690e9b7ee306702576f871,blueberry
950,a9cd87e00e2eb032863041e0d1cb423d,blueberry
951,3f819460068152f3670d3e44e0aeb9ca,blueberry
952,f7941e8379db4b377373de04cd1a45f1,blueberry
953,d504e84c2191cc051704407c295d4dbd,blueberry
954,bf583714ddedc7078fb11fd0414fe066,blueberry
955,9beed73266b68908a1f736d0a3b9cd4d,blueberry
956,215596348dadf8ea726fceaeb46db26c,blueberry
957,a40228a8273e6c9c191df70b3215a328,blueberry
958,b9701f145495d25cade5dfeeee0c4ad6,blueberry
959,005f97e81296631ef8fdc55b15005baa,blueberry
960,725a916267259955f1abe5c922ffe5dd,blueberry
961,c12850a71620814563b708a08ec6e6cd,blueberry
962,0251b5d518fe8ea54e4c5532305d2dde,blueberry
963,c6a2f39e518dcad7bb53522280ec3d7a,blueberry
964,59a479e746877e7af950d2d2041619b0,blueberry
965,63efd8543a3ec2051ea9a267d9c66493,blueberry
966,49da2763e226ab59f7dce99c23408d31,blueberry
967,927c7814f362eec089bb6b2de0745a70,blueberry
968,1e4037bcdd90b93138518a55b29490c7,blueberry
969,9d9967b68b292b5be611c6dc3cf96216,blueberry
970,1a8adbb46975cef49d90256d4e054592,blueberry
971,5c1082d5991014c266f0676346c581e6,blueberry
972,4f5be7c9eb5780540b526b130afaa0f6,blueberry
973,d67249086d2025c9386262f759fa96fd,blueberry
974,e72d43d1300ab8f8a4c1a414361b0522,blueberry
975,46c81d72896d31e227c866ddb6c42bf4,blueberry
976,ec3a45ccc6d4b0180705296f8e81bf64,blueberry
977,c1ef7bf521b56e7b8f04898fec04323f,blueberry
978,4166573d07fc58970ea0f816f7057915,blueberry
979,708502ac24c1cfe5e0806f16ae2912c2,raspberry
980,95ba9109894790326e2cc45661c8294f,raspberry
981,cea325ba11153f02c3d0145816220e88,raspberry
982,02c925f82dd6eb02952b4c43f7459062,raspberry
983,78425ffde8f6274bb4159a0fec272d09,raspberry
984,0487edf0802d9c0b088fdcee10741c81,raspberry
985,7da174882a70543f072c10615fc0a093,raspberry
986,0e1995a48fde1863389fc697789ea33f,raspberry
987,3596cfafeb2ae68deca785c870f34246,raspberry
988,a1b14120796ae7db230d3539441328a5,raspberry
989,ed27f9aa0abe9d6d608cffe1bbf27b6e,raspberry
990,5c3d99207e8b544e6bc30abc83366dab,raspberry
991,96cd466b2eb21ae2515df1077e837c24,raspberry
992,74927111d5fdf323f75f1d2b316af700,raspberry
993,722a8dd46caa51bb79f73354b90a2577,raspberry
994,c6732b20905189b47a0e26b4a99de973,raspberry
995,1e33590bd1ba021e11a2cb53e9ee46f1,raspberry
996,1f0936f17ef81593a36e7bd86317cc7f,raspberry
997,76101dd1b9e5d45c148fd9e92a992dfa,raspberry
998,ead01c81db8c94d29bf58e96f4db35eb,raspberry
999,7a02ee034d7c9b244b564a8452569c7f,raspberry
1000,2f5b62e9cc087dd41c5caca9f492f807,raspberry
1001,2e180a607d1c7fa2f46010226bb449a8,raspberry
1002,6ce77efa8233c8e5d872ef5dc00b72d3,raspberry
1003,75982847f3f77fb7a0a9c5ec647d6cab,raspberry
1004,c9cad92b8a2deec680065a82d207fd80,raspberry
1005,63cfbfdcdb5a40c0f84fda52d6378a96,raspberry
1006,31dfa91516b65504acb01477adb0035e,raspberry
1007,9d6cdb668165544a15ef3654a1a4dac1,raspberry
1008,d9c22f527d204e10489e0162206b187a,raspberry
1009,8d4bbd181ae78ccc452c1468d3ef5abd,raspberry
1010,aaa4717d25fce73a3d490fd35394f6a9,raspberry
1011,f6fb7c123c89545249c111fbf339c6da,raspberry
1012,985a33f0b0ee15e885892d6e13e8c0e6,raspberry
1013,e728e5760d2324681b9ff2d69e47e743,raspberry
1014,df2fea9429317e014df90ec4b9cafb51,raspberry
1015,56aef2d70047fd682c8d8d289fcf1f0a,raspberry
1016,4cf994aabdc18a411c343658719252ba,raspberry
1017,318ea7029b1d3ab05d6900977ccda2ed,raspberry
1018,875465e998897ba86834960173c64f75,raspberry
1019,4c9e3864e6e0194685f7bf034df3422e,raspberry
1020,2e4784e962ab36a7ae64eff9ef3ab33f,raspberry
1021,e8bcaa6800e1491610aaeced15c1fa41,raspberry
1022,e6b4baaec3565effc8e8a9f55d955332,raspberry
1023,a37e9974f11137ffddad1557c0054dee,raspberry
1024,d62f1a963564a39b4dc46ff27efc4b1a,raspberry
1025,1f51942847e827e17277081a350cc643,raspberry
1026,48b7745add4a81d70668e75f759c6a34,raspberry
1027,ce9ad8bb3ee5cd5d354386a3b0125d7c,raspberry
1028,d0a72b3a2a64221f54153f67fe3e5572,raspberry
1029,91b61d6fb19c5708ea9aa9fe62742ecb,raspberry
1030,a9bbe472d0454711038d970fdb9734d8,raspberry
1031,e10ef4b008e4b04afd9d7b6fce7e050b,raspberry
1032,d9bc3e7815fedd2fcee8bbcfce059a3c,raspberry
1033,66b148c7a40645039dd33cb6d6434b5f,raspberry
1034,734576a169dd89df1a3e5eb30a12d128,raspberry
1035,481c39402f793a5fd0c9bd6ceb079c03,raspberry
1036,f11cf7fe9f8b57f892df2e722da20448,raspberry
1037,354812ffb9e5ee7187a428c181b188a1,raspberry
1038,601f1c09513a68110a2aa91ab00365e9,raspberry
1039,712d73e03b21af2c5292cff59029c8b2,raspberry
1040,cf6158cf2d1bcdc3aae4ad911baa75de,raspberry
1041,5330588f57e829e91adb21547f208e35,raspberry
1042,947b1d4bfe1ad1b0ec377eb0203aa9c0,raspberry
1043,f7861068003de434ca88bee0ad8b4a29,raspberry
1044,54790df5d9821fa4015cc8a69de57316,raspberry
1045,6cab7e5d8cfbcda3a35e9586081decb6,raspberry
1046,b158003c2cc56821a8e1aaf0572125a8,raspberry
1047,6cc3abaedd432fa9d1a5dcd5fdd97ed8,raspberry
1048,cf58b99e08fbe229387525368c7e7135,raspberry
1049,eae97751ddf9228ba5da229ff88ec16c,raspberry
1050,d12e7ecb1ed3ee43604190475c325405,raspberry
1051,bc456e110dc844a37bd2113ccd8048fa,raspberry
1052,695f1d4b1a0334433ca4fe7714e2efaa,raspberry
1053,bf130cfb62999848af50c0d9a8944847,raspberry
1054,1c6b24274681babf92db7d9f1b54483a,raspberry
1055,1751d507a326741ca0a3bd8c0b95e59c,raspberry
1056,6772c68f2fd3e21de3e5bcc988cc7f6d,raspberry
1057,d2bd0a1544f9bc6bdbb0fd1088927cb8,raspberry
1058,2762e07e6c717c3bd598a23618310d8e,raspberry
1059,6cffba25f4dd0b2c6721c86dfc7f931c,raspberry
1060,4e3fa28133f245c4c9d078f896777a49,raspberry
1061,181baae8e6e7a1b7ddd6cbebe4ff79d8,raspberry
1062,b50abce178bb09c321a89916d9675a52,raspberry
1063,1c09c64e474fb03fd0479f647618d7c2,raspberry
1064,0b25eac90dc1d7607ebccbe330723235,raspberry
1065,be2e18667dde0b7929a237286c6519e5,raspberry
1066,9d5725e41fb450cdabca482882c6aca8,raspberry
1067,a5b5877e30f5a8e33be6c8fd5ea279d5,raspberry
1068,d95aab63aa75c49d95a1548dd2e31e03,raspberry
1069,a8a98bed06ea8043287aa93a38d3f4b5,raspberry
1070,2aa287255a4c6a37b8134f173ed01e38,raspberry
1071,9ea21879ba0fdef03efa535293c9fef8,raspberry
1072,19344fb01cc1ef769b902944fbf55809,raspberry
1073,2e82c45e7f3ce439c2daf445421537a6,raspberry
1074,3be6889181dabf84af7e7a29f146c223,raspberry
1075,6fde5048d59b57daf54a4af568b3e79b,raspberry
1076,33cdde1ecc36500c60cdcfbcca08ecfa,raspberry
1077,e356ae3fcf80d87374e01c484ac9f41b,raspberry
1078,278c183b5d1a0d8d4cd043f39f722d79,raspberry
1079,0dbcfa850f1cd6df258ab703dae848c8,raspberry
1080,9c58349af34e91fc34b3e20dd1dcaf51,raspberry
1081,535601a58a553810903fb944a76f050c,raspberry
1082,4791feef0c219c5748048f74fe87eb9f,raspberry
1083,b8340ef622f374da3ba0b3db68b6e5e2,raspberry
1084,ba1cfde4c10541b8f6f49be268367908,raspberry
1085,64dafc307303c6d6af6346c3ae144527,raspberry
1086,0f06de4ae83ef25aa8a33637b2518305,raspberry
1087,551b0d94d20770210080a531f0073520,raspberry
1088,6d84c789571447eb6b5bc1310662a017,raspberry
1089,4e0d662bb525b064e319b71b70907395,raspberry
1090,862b76828a631e2620dff1657dd7a756,raspberry
1091,58e0dd09ecaae4b5c33b54c4dbe95872,raspberry
1092,6cfad66f41399e481a149f68f6cc2270,raspberry
1093,7f531f343201c5d72a0b2c5ab1d4ae6a,raspberry
1094,070e9d5716d92ba637bf03b21949bd48,raspberry
1095,b0afb4737c2bd3c46d3e1e36cb0f3464,raspberry
1096,382830f28c7dcb009a12e8fb88776ec0,raspberry
1097,74cb459184ce3595d8dc0c2afa78da59,raspberry
1098,6411b3881c52396bf4092b2f9f078902,raspberry
1099,b79a00b5b03553cb86cb2fa75af05b23,raspberry
1100,2939864db5c763681b56c28df2f4fb08,raspberry
1101,60e5a97faeb7102cc56e4166cb06ab3b,raspberry
1102,ddb6cbf028c3fdffde5ddee2a2026296,raspberry
1103,af81788cb69f194e63513df64b09dc6a,raspberry
1104,ecbbad72f33ea53c3ac7b5e150c55d95,raspberry
1105,95165c0111d8ea2cf9bc9abd05db46fd,raspberry
1106,8afcd4005bda7f8e29b27c08d90a6db0,raspberry
1107,25ca0cf5249bf469f57b685ada6119a0,raspberry
1108,02c124040510e0d365d5f79a4dadce0c,raspberry
1109,d1ac112a3d6977a5766d8fda4a8e6482,raspberry
1110,1ce6dd325b3941abadbd96ed72b153b5,raspberry
1111,86c7a112b9b592d7f4baaeff6415abde,raspberry
1112,7c55d8527a625f447d86b7755c4bc920,raspberry
1113,6311d120bb1e6fa7ff0d3ab6d67c749d,raspberry
1114,eb65501bb8de573c51a6b79532ad8eff,raspberry
1115,fc1c2e2d97cff6866363949dba1da0ff,raspberry
1116,45190c3bfb417a7af6639c7bf64ad016,raspberry
1117,f3f7a0578c9e62d6e1f4339da9d206a0,raspberry
1118,5e641395917794e522b8de5c02ce1aa4,raspberry
1119,c729bffbb68c23b1c798065241b35d51,raspberry
1120,b7602e048e303eec62c438467fa76d5a,raspberry
1121,bb548dfb0338fadd259cb0a6394cb4d2,raspberry
1122,065fd7677848d5d1a3609b77d73af76a,raspberry
1123,b735d99a4c0bf099049cf44f1a397fd5,raspberry
1124,2d120fdbdaec8e2b008f315d8643af2a,raspberry
1125,034d3a274fd223755f7491391f85fa41,raspberry
1126,0aacb5460bfa40b61602d0de049e21d4,raspberry
1127,19b79ab2ca0c0f69a4ccfb386f6fd376,raspberry
1128,f9bea0d77184224b4b933472241d1af7,raspberry
1129,211c2bd504caebd44ff239aea67e2a38,raspberry
1130,46ebb46a87e593f5577fe2fe87880511,raspberry
1131,e4e9c009332b6d2261a01ca109338a1e,raspberry
1132,0250171474c7efdc0da340d7fd113cc9,raspberry
1133,82d6029ddc06e768bae4c283faf2fc1d,raspberry
1134,6cba6e14235c2110b894cf94c43ad750,raspberry
1135,8635c74b447b73dd7e5f12c4cc02a48e,raspberry
1136,f24fc4ae6cd89e157c46d37eadf31932,raspberry
1137,e352939a15c40d2a99a1f047b1dd266c,raspberry
1138,db8a9fb3dcd1e8ceee75a2f5d0fff398,raspberry
1139,81d795d9c444279343b63cf99806ff70,raspberry
1140,36203ca1c6a6d556dc5f2f82438e908b,raspberry
1141,da5cba15c450745e4faabb40b2bf6f2a,raspberry
1142,0af93782d1adad6e92ff85c282725293,raspberry
1143,ed7f9f55f0529cd49472bee0a6186088,raspberry
1144,64f3e73f82c3e7452f0102b250812787,raspberry
1145,2480097fb031aaba471999a31f344671,raspberry
1146,c7f665a3d1b81a9709cbdbe04cd9e9ba,raspberry
1147,12599fdaf8f4411d50a3271aaf8d5c46,raspberry
1148,1048a5804c2a378c4d9ab0a6142fd4e5,raspberry
1149,394eea0f1da1018968e0088862cd3518,raspberry
1150,120d732ec94f3cdf00feeafe5a7fec0b,raspberry
1151,a0ee70241ee824ea0b764a950156a881,raspberry
1152,f21a6195d4f609cfe55030789c126856,raspberry
1153,ff932ae694df334d3a2a29ec8f5bd69c,raspberry
1154,785c217c92407c6b6aeed0d1e851aa04,raspberry
1155,52b57730cdd848b0ded168344657fa5d,raspberry
1156,8b12e3099d66013367d6fde8fdc16dd3,raspberry
1157,0d5a8b09bc4a51ba5345c9a9a2f61c5c,raspberry
1158,2a18a31fcf5ca88a146b992cb6ea32e2,raspberry
1159,0a3ec28b1a932acd07f86f4135713e99,raspberry
1160,3cfe06b8c1807ed0c44d6b6ec5c177e1,raspberry
1161,06ca2e963e8b6269dbc6527a8c2c0015,raspberry
1162,46cea118d91e8fa0f87d05a4afb27156,raspberry
1163,60a262a12e65815e5c98c5b3533ae31c,raspberry
1164,61d099000787d412b7c29ed0d16595bd,raspberry
1165,c4b4916ed293ba8ed04d0791bf20f863,raspberry
1166,fc9e12a50d59993f09b93cb38da5adfd,raspberry
1167,1c5bc5bfc774f90022c1bf48ad5c6acf,raspberry
1168,11fcd533ca0dc39121828b30089a9166,raspberry
1169,764852b0fc8edde88f83c7daa47ce007,raspberry
1170,bda0083b3b4827b9e9ea991daffc2d8d,raspberry
1171,6751631dd250463a1bbe22c62d703b4c,raspberry
1172,1e98ec91eebb5cc8c7b4f801a1b2f3ba,raspberry
1173,7d227334a544fae7d4f225705ee79130,raspberry
1174,2c99ea15ebecd6656bd9895a521b5b3d,raspberry
1175,c9e7ed51f06ef3d5d9ebe826e6d578d2,raspberry
1176,8cfa2490d8c9f9ef0deaada2d13ff66e,raspberry
1177,135c5ea024d2fe9b85f554c981879b4c,raspberry
1178,a755df1a9ea0762182d3c314884c7ae1,raspberry
1179,7ec621110f7091730177caf1b1566ad0,raspberry
1180,60998e9b447f5db29c4c4e72bfd3939d,raspberry
1181,c87fe1a6508b288a9b5d1856678aeaaf,raspberry
1182,1f52a1f88611d83bfed444eb1267181d,raspberry
1183,919382955b05afbdadea34e2111e318a,raspberry
1184,99a658a0d453830196ba6e03c51a8e01,raspberry
1185,ebec6e18841a87a0bfa4a14ce4c2f6f2,raspberry
1186,7a6fbedebfe7fc6e1e650f8d2f2c98b7,raspberry
1187,aa7617a6f59afcdf2520d874a8eaf05a,raspberry
1188,3395bf4337239be8ce02763915c1896c,raspberry
1189,2b1444fea6a72edbed136974f5f0da5e,raspberry
1190,dddc63e1a7cddf9a6c98a53acca60418,raspberry
1191,693ac3fd276942dc2bc4e0250a1d3084,raspberry
1192,7e72c5d13e4c08ce845ffa2550ddfefe,strawberry
1193,b64bb9a0916f412d576ae2249767affc,strawberry
1194,04573eb05e517ecd9d520e694a1a07b7,strawberry
1195,d750201dc5c567302e982588c804966e,strawberry
1196,3d0eb72bf4227db650aa562d45555772,strawberry
1197,fecbf55893514ab262c846d576b706fb,strawberry
1198,32d53c874c468b2297c0fbba429acd1e,strawberry
1199,f7305c88cdb564c7eef5b063199ba3bc,strawberry
1200,ddb6494e383b38a97dbd748032cbd3fe,strawberry
1201,aadb0017b63578cc79a15460f3143fef,strawberry
1202,5ec69495b8385dc8d01c74765fc759e6,strawberry
1203,af6ad2579612cfc67b299cc7d5a2e616,strawberry
1204,6a80b8019b5d045f5d5eb87ba2b71002,strawberry
1205,c45d9d8693aaa4388b0710471c164bed,strawberry
1206,3e62c081bdc42f2e1a184bcb15534a19,strawberry
1207,d35e2921a6c52ed82d7fd7ecc1ef6a23,strawberry
1208,b42fca067e756d3f9593276fa6fe3992,strawberry
1209,ccfaba25d7118b376dcf98a8ee281736,strawberry
1210,2958bcc588cb630c711fd14571280695,strawberry
1211,5a95e9a17c5460927df319206c8cc58e,strawberry
1212,4db1e05c994836f7cacaacc3b3272d09,strawberry
1213,855316f43858f68933f34f0ff61911a2,strawberry
1214,c833d130e1581c4c81e8f242d94894ec,strawberry
1215,61ef11275f88d0a72a07c2dec983da05,strawberry
1216,cd70b70ef5dabf206ca6b40c4b2af54c,strawberry
1217,f96399268f93595b81cf008d0b867e67,strawberry
1218,3eacbb932363e01dd860a15a84a761d1,strawberry
1219,67575dc6b3180f824f9de3ab2d243441,strawberry
1220,01deade35ff49b05ea3ff9acb256e611,strawberry
1221,dc1941ef356b1778139b49651f97375a,strawberry
1222,2a79efbdc7174da55618e15688def4fd,strawberry
1223,5438ae124144477ed62f1edfa71f38ba,strawberry
1224,4ad07f6a5d69feeb02b3fb2dd5fd649c,strawberry
1225,3ff82b2d790e2f93697e2325ecfff05c,strawberry
1226,79ba40cd084ee73c46ccba58b56fe856,strawberry
1227,c6cb5ccf25c20e0f472d756cec12783c,strawberry
1228,b76ff10f1470a41c5104f5e423b0097f,strawberry
1229,20e1d8ce75ab184d44244e01ea4bfdcd,strawberry
1230,e94b27c48264e90a7a19b6e1931fc6bc,strawberry
1231,696dc9a1d44e54fa7e6af37bfbd7b5a4,strawberry
1232,c710e9c0ca6466323455d59c949ea67d,strawberry
1233,86dfb87fbf70c55f98a109dc48202515,strawberry
1234,c25ee03951eda2f71dedcae476af3201,strawberry
1235,45402c25402e917f9ee1d8eded3f0ba5,strawberry
1236,7ecd8394e536e5bf36fb9a9020c9eb63,strawberry
1237,6c92d7f3e54731bbb382263116a77c41,strawberry
1238,098d8492e92f6997d247944aa2434c2a,strawberry
1239,a53d4ae52f599564cfae3174d49ad160,strawberry
1240,4891e0565af486e4f25ec611d65fb27b,strawberry
1241,dadb67a2afb507cbb43b29c8ef6fe784,strawberry
1242,4c6dbc342dab6ccbd946afe00c22d712,strawberry
1243,66d953e173a8116bea2d5e4fc84585d8,strawberry
1244,b8ce1119c90d5573e3ea8a6735e48046,strawberry
1245,5d60870cc7093ffa81833b8fc5c6ae7c,strawberry
1246,e0ba1f9207e8b523561826aedf96cf67,strawberry
1247,738d1feafac1e814095a66199ea28a3c,strawberry
1248,cef4f15007a597a97f3ddfb8cb8f655f,strawberry
1249,ccb6f05c46989e4a2a55c1984feaf9d5,strawberry
1250,12b1c9b7795fe3ca62e2d8966256ed1c,strawberry
1251,e9502e75e3ba33b4184daa37271b38e0,strawberry
1252,924e275aa9a9d2f45e8d5208e53abeff,strawberry
1253,0673ce374002e79b151b9c1c651bf84a,strawberry
1254,4d34d67da1023c04832e5b722a39cea8,strawberry
1255,01c5e91576ec4cb76d2b48f4b7984d84,strawberry
1256,b8e85069ee7bde224ea3487796baf5db,strawberry
1257,46309e886d22a9d9e0b20654daf3f749,strawberry
1258,042480ccf67c60960783fb6bfef38fce,strawberry
1259,ea9e00829b9e34155938d2d065dd5756,strawberry
1260,adc890c2228b495501a5e1e054ede816,strawberry
1261,aaa0a8265ed62b640f8922cb06a58e33,strawberry
1262,29d023926acab35f7b466582c0078d20,strawberry
1263,fce81060791be216c2b91da6609c55eb,strawberry
1264,9cc9c8a7c366f2647ad23a01c6a5e509,strawberry
1265,7624d8c68930f002f749f688f7d4dc75,strawberry
1266,6bb4c103d851c550363044faddd221de,strawberry
1267,aa7ce69de7ea2c2f9deb520e96d2b929,strawberry
1268,c2e82869a790ada6241807668534a3bc,strawberry
1269,ac16e8e196361813a2aa8d4b9fad7144,strawberry
1270,2ff864b2093fb0884a17339d462d682b,strawberry
1271,939a2499010e50fe1350ff8484d79c2a,strawberry
1272,031d2ee96526c245bf8ffb657cd8b672,strawberry
1273,035a7976d7eb8d5e74993a470d2071ce,strawberry
1274,8b1ba825fc1e5d9d538689922566ad48,strawberry
1275,153071a64843bb8deafae166860f9eba,strawberry
1276,5dce14393d7428499ad7173039ac63a9,strawberry
1277,eaf40e36b478dee9133ce931608650aa,strawberry
1278,addd4598a960d0623161a11b65ab152d,strawberry
1279,e9bb9d708162af41855cec1917d1f664,strawberry
1280,ce38f8071cb5029ab0da9e459bc12384,strawberry
1281,18184d65f31c5030361c3f9089abcdc8,strawberry
1282,5485c6f8c6cb8bfad59225e2dfc0c1ec,strawberry
1283,542ac459f23769e1efd36d8c9c805f84,strawberry
1284,6f68dbaa307bcc2df314f67fdb6c52c4,strawberry
1285,ea0980814b57d47c56117796f800cca9,strawberry
1286,3f2cdd29d4c1287c1867363253634c01,strawberry
1287,2394f8a7ae8e76e039fa53145bcd06cc,strawberry
1288,f4badbef177161b990f88e83f61a03f4,strawberry
1289,c5dc0aaf88b3b25c22cc10788bfcc9a9,strawberry
1290,c2f554a063455fb19edfc1ada9770855,strawberry
1291,8ce3068c3bcf852f057dedd5a8fab3c6,strawberry
1292,17402e90c502f1e46b4eeeb4679ac672,strawberry
1293,8162f45f47f5d94d1a4c1cfe177e434e,strawberry
1294,d0a9df69eb4ef980ad158693252c5e0e,strawberry
1295,8046b1b87c4cdc9a313b986f948d983f,strawberry
1296,bda1121346f06bd11d7732ad6697bb3a,strawberry
1297,cfb32ad2160a00d799f7867d85cc6522,strawberry
1298,5b5701b4c4a1af01bc1bd344a549273e,strawberry
1299,fcd8798c13c447e296867597be44dd9d,strawberry
1300,8126ac401571e193fdf0f435092a1b2d,strawberry
1301,590239fe9331368dcb66cf9adc69fc6a,strawberry
1302,e60cdd0108109aeda9fed1fccc956b59,strawberry
1303,fef4e4b9b000fdc94b7834d148cc93b3,strawberry
1304,c1c91e4f17b4f49b0dfb9ff9f1ccd5ce,strawberry
1305,efe05c7e2673ef05fe208ff0cc2ab40b,strawberry
1306,94c83f85473de635c1bc4b39e9b37b4b,strawberry
1307,cdf0b00f5e89ca7e521e45271c3476fb,strawberry
1308,ff1e73eed40a94de30f3991eabe187b7,strawberry
1309,3d1fce81c6a8e70d5f24a22edc326cbf,strawberry
1310,e85fa4bf4862dff05a0f190dddafe493,strawberry
1311,a46785d16fc1933550a8bbf4725363ba,strawberry
1312,73226b014aedac405fda2c656f7a0bcb,strawberry
1313,ab184cebeee1aa2ea493b7335bee8fa1,strawberry
1314,2a1818ee0dfbc3ec40e002bd5d8f0adf,strawberry
1315,a54eba96c17bdc4dbb9ccb93de440e59,strawberry
1316,e84f3977ed3c2a4c082fce374f91b523,strawberry
1317,04fa52fc2f9a788d61306ea03df58190,strawberry
1318,bbf1a9f33bde94bb732aac90ae3e3c94,strawberry
1319,b12fec2528a09c24396cce4edde5a685,strawberry
1320,80314c9bac39c3043d80b74fae36890c,strawberry
1321,657f6099ca6d4e6cee4acfb74894327a,strawberry
1322,d1f6f432ba03dd746eb1a1dffd630af4,strawberry
1323,a38535c2e2a99e31780a8595729fcc66,strawberry
1324,791be4c4de55bdb60ce17b2aae706c69,strawberry
1325,6812e099a6f88d135087a8f440b03cb5,strawberry
1326,5edcea3833f7be4b20614c8e80e01401,strawberry
1327,20e6092c1ecf575c30abe2eeb39a83cf,strawberry
1328,936cf827bae6b31b2f784ae46721ddbf,strawberry
1329,892004c877ba69a7394902013c57afd8,strawberry
1330,1bbf89db72e67b321c3409e985ff1a56,strawberry
1331,87d2e4cfa6d00bd77f5266c06d957ad3,strawberry
1332,f44e6bb524e033fcb49fb1d6cc0da11d,strawberry
1333,042d34fc752d4362a32f9789ef3a9968,strawberry
1334,e923b5c752071a679c79c0acff64652c,strawberry
1335,4db0408b21e7cc3eed8980d3bd031f12,strawberry
1336,8e78bedb29ada39ceba58600ba1f9bc4,strawberry
1337,975035e32d78d52c84c92d0a197a4980,strawberry
1338,d26c6584fc93c9da23f38ddcea6aefad,strawberry
1339,8a40f849ea5356ca22df73aef928caf5,strawberry
1340,cb48240f3366ed9915658a07ee295bab,strawberry
1341,64411ec3503f7b4101c35b6cf3bd67fb,strawberry
1342,6befed418c11aa458a88bc36a13cb5ea,strawberry
1343,7228fb4869f0f28040fa313753d235c4,strawberry
1344,69b206df676fe288ece9fd47c05ab6f9,strawberry
1345,7269644a27e1354cb02e69472820ba01,strawberry
1346,5e1a738c9f4a5cae35ba4bffbbc30f66,strawberry
1347,6ab75a87cdf90df79ba6a86191974573,strawberry
1348,ba2fb1238f72a988203713a1728ee451,strawberry
1349,24b1404c221335ff0d57b529130d1224,strawberry
1350,c073166eee1640680629adf2dd5a8a22,strawberry
1351,1e84a37682203389055f67bdaef67de5,strawberry
1352,5609c7e17de56b66d608b9ead521e422,strawberry
1353,7dcca64b1ae0a633b97a3f14e378047b,strawberry
1354,6a291833c8e7eb1d12fd19fd79724c99,strawberry
1355,9711551b5924eae23f38c8a43180d797,strawberry
1356,d2a80dcc620df1ebcf3a45099d5157b8,strawberry
1357,5e7499471e1fd9a6aa56378c72d0a717,strawberry
1358,b40c7ae4402a6650e0e5609a2c32848a,strawberry
1359,ecef6253f15095df50af65542e105aea,strawberry
1360,138dc35e6072d107f8b44ce1377c6be7,strawberry
1361,e4b37fdea124d1908ccae1b63b8cdecf,strawberry
1362,30ce77e4c84b601cdeb5adc4ed246759,strawberry
1363,db96ac1606493d83f150bfa00f3d8a46,strawberry
1364,abe55c38101b11e79078b493bfeb81f2,strawberry
1365,6795601fba6800086c9f63b4babd0ce8,strawberry
1366,ec08685d3757d7ea60741f0a8551f146,strawberry
1367,e590f84c402e93dddc6e8929ef23d3fb,strawberry
1368,23aba7b0690a79fce1aaca027b3d5abb,strawberry
1369,c6cef19a220886a9b90c372db96cc514,strawberry
1370,f7ca4471b57c034473e3e50c767cda6c,strawberry
1371,9d389c1dbc61c4bf0eef4248bbcb4c8e,strawberry
1372,42bb8629253bbaaba79624ba8c249b2e,strawberry
1373,644a130b267108b295145407223d78ca,strawberry
1374,3978c929aaf1fba2c964b28a7b87bd86,strawberry
1375,ace4e1d038f69f2aa0ab32bcfbae88b2,strawberry
1376,8c1c3b0b6928b04e18585caf0524bddb,strawberry
1377,626c7b5f4e284d0f3be6375ab560af8f,strawberry
1378,942461ccdd254586a835e6fc215db28d,strawberry
1379,a97c83bbb14bd51b7920e39871a3c5fc,strawberry
1380,2e89e4687014a54e7af917be87f533a5,strawberry
1381,f8064a260d54483bc6f1328d8311390c,strawberry
1382,19d9350ea096a15d157ca99975155cbd,strawberry
1383,b85eda0a0b237361ad94271d162eac11,strawberry
1384,b2cdd37221df52fe901826f1c617d525,strawberry
1385,e6a26c9c909a07d79948ef3fb27ee778,strawberry
1386,f38cfeaa9e35f2a7470acb87484632c7,strawberry
1387,29064f0fbe70549c4d736ceafbd73037,strawberry
1388,0140371ffad03cb3b6aed33abc1b2d09,strawberry
1389,7e2397f9a6251c63a9701498052af027,strawberry
1390,36fcfeea384a098c61224791ffe7acb5,strawberry
1391,d40771e38399bf5e1fe61251ead4f279,strawberry
1392,5a62e115d4d7020c95a5eaa617f3af28,strawberry
1393,95b9a16c016d67de3994e9397650c220,strawberry
1394,5499394115b1d9d1ec9e93299cf42060,strawberry
1395,eca8beb6f1450f8d7f7c885bad1bccdb,strawberry
1396,eb02bc6b738c0035ddeee37496ee378c,strawberry
1397,5c563086190e8babf5c4c781afd6e97c,strawberry
1398,1cb28805383cb21f0f171957535169e6,strawberry
1399,5788334e721c0c6a8947181118feee2c,strawberry
1400,ef901379cc9f3631b6a3ab8aa6f8af8d,strawberry
1401,a17fc4c532688540fd5be484bc60800c,strawberry
1402,2035d6399ad34853fb9e61d57ab1fdfd,strawberry
1403,e7dd67d919673e2c5998d573495aaf21,strawberry
1404,ea6c4e6b299183ad28229ce9dcb7f943,strawberry
1405,d8c566d250a5bb08c9d8281ec0e99710,strawberry
1406,ec271d10988b76f548228ccd550b058f,strawberry
1407,e7ea531e69ebe28678528b344c61bc05,strawberry
1408,331d67b75da45dcb46ff71b3b006b2f4,strawberry
1409,5160c8bc70fcf807d1ab3c23fcd5ace3,strawberry
1410,faf85330c483e2931855f2863248f385,strawberry
1411,6efef13963a37ca682b70b0ea325f165,strawberry
1412,53b3af9aab70ec8082168e265001e900,strawberry
1413,2279b4b33e2fcd3a7392de2fd441b1ac,strawberry
1414,233103e63bd6fbe238b75a42c39fe00d,strawberry
1415,ce0b3b4c1ebc40086b43404272c2b25b,strawberry
1416,9645f709bb7d883bd8fd3f349b1767c1,strawberry
1417,80383ffdc1c44a71d972ca06bce95953,strawberry
1418,09d3d31900a7f5874b8f811319ca6056,strawberry
1419,d0e1efa5ed764c0937d663393e8e70d3,strawberry
1420,10a08c8e25cc46685a69d20fe8431ea7,strawberry
1421,a6475ad24a0df1bd33ae1609a98a99f7,strawberry
1422,fd0ab64a4cb68d1c452a6936993e0c5e,strawberry
1423,b476eac2986aaa22313171ce17110bf7,strawberry
1424,63df7760abc6bb0c22794c29f282821c,strawberry
1425,95dfcd8352dca54cfb020351a9cb16d8,strawberry
1426,89d9ac506a8e6e16b5c7dbc18892b289,strawberry
1427,517719f195f8b37e19d953b893e5dc95,strawberry
1428,cfa0da92f4b2dc780bafae617a079753,strawberry
1429,4d5625b5c46a20e99e106d758be99208,strawberry
1430,5e4dcd95adb6a1552e0647ff7df5005b,strawberry
1431,6aca5efdede7dc386584c35f2f45ac0b,strawberry
1432,8aa3c45d19b6784113b397857d8514f3,strawberry
1433,8f24e41e06f7fd7406ea205a955b07a3,strawberry
1434,05396131dde42d8ac6190aa6f3b30a0d,strawberry
1435,224291bff13142c113d3e708ac95f7a9,strawberry
1436,d33390f4c91c8754f2f6b827e81a137c,strawberry
1437,b487bf370e4cbbe2e1f83a298c21c8fc,strawberry
1438,54cbbe2102448568d7fd6a3881fc2f9d,strawberry
1439,ff9a40e741dc960a0d7672f37d053de4,strawberry
1440,9e384a56049837ddcd1fd8f6716d638d,strawberry
1441,4e928ebea263fadeada473448205ab26,strawberry
1442,f05450b8ccff8b12d29e7fed8b1f6fa1,strawberry
1443,41e2320b05ded8f21b01cb9e63d970b6,strawberry
1444,3f96b7c780d46ff261f06920ca1d8181,strawberry
1445,464cd1746b202a4ff7aed98a7d73b55c,strawberry
1446,fb6f0509fd82ae0ad00d0b04c91cb212,strawberry
1447,0f1620e841b33400abf77d61bda0cc26,strawberry
1448,a55e6410746bb36993be7514aa155ab4,strawberry
1449,a2aa19f9bcb98238063bff5307a224a8,strawberry
1450,ed5b166ab8064f85bfb27801932c215f,strawberry
1451,5ed5961246b4f41b795eac03c245a6f0,strawberry
1452,4684d56d58f77dac862edb2cfa586a1f,strawberry
1453,1e646449c11193800933b74e0235ebbf,strawberry
1454,c09d29d2aef38631a6be72183933e1e6,strawberry
1455,f685752f3e79e3a6701927e702e23009,strawberry
1456,af13235ae3fc937594cc240e0e930501,strawberry
1457,ffd10b5ca3e02156f285b0d9e16ebc8c,strawberry
1458,a597f26b219727bf1ab1fefaa16e4ac7,strawberry
1459,93e8c1a7fc494f19236183ee65061573,strawberry
1460,dbbd93985ba6c67d2437df58b7fa398e,strawberry
1461,1913b3c0690e3b94484d51649edf2272,strawberry
1462,5365d9cc761d3e3d21c0cf9296be0ec0,strawberry
1463,f96189cb3baeaedcac31185d436f847d,strawberry
1464,c40c0c8c04df1f951bc8a75bb6f9b9f6,strawberry
1465,104109d7cb2b7db57db60b827d4b8c48,strawberry
1466,c3123069b0694cf894dfd4ba22d89ba2,strawberry
1467,4775b335eeae4337cf29c0ab23de6695,strawberry
1468,80089307ffcd617cd9689a689334de79,strawberry
1469,e04ab90ef864979f5a2e2752d800cdc8,strawberry
1470,e145bab8660012b11b4fd0c229d76138,strawberry
1471,c1e424a668fd8a3f30bf9026035b3245,strawberry
1472,9898a43957aa54ee235c71bc5a0147ee,strawberry
1473,1b670636173179fb960c62acb26072c5,strawberry
1474,9a88c5fd81d3303359ad6ef7fbcc7212,strawberry
1475,6f6cc8428761f542588b631c43aebd7b,strawberry
1476,4c5754402de5df276e777b709523657c,strawberry
1477,150091b736e054e383c2d3500b4a59d9,strawberry
1478,4e232f1a9b9e8e1ddef6e6662d9441cc,strawberry
1479,04544071ca5d4ecbdabe0d7010799a02,strawberry
1480,a3e7940956b86555ddfbcb4d2d580a1c,strawberry
1481,715c031306a72bf33ae7afdf3dea4b01,strawberry
1482,6dff3fd127bdf50923b583db39f85b4d,strawberry
1483,bd56190b36f6cd6207f8578ba94f54e1,strawberry
1484,4635405748b99d7bd7f85113fa22f9fe,strawberry
1485,f1b8a498cc565aa0ec8c684f1673293b,strawberry
1486,81b1bcdb8d29cec4307552a629ad0243,strawberry
1487,2e40506b0d68b0cb4b49d722734cba81,strawberry
1488,e57af1c77729b037c2815dd53a3e7e2d,strawberry
1489,c73090ca5c88682cd7f939856614a691,strawberry
1490,3ea753a8157ec2c0e54a67b71c729bf1,strawberry
1491,fdac9b3b59104cccaca5b958b9afd3a1,strawberry
1492,33d8be4a4ae8730bce2eaf884bc10f19,strawberry
1493,f00575dedc9ac2773c5d0d100b7966ce,strawberry
1494,e180291072d3d329892fcf6e01c7473a,strawberry
1495,8415e5c71b8367ccd774b8d074e6845a,strawberry
1496,c541cf74df9604d7e1996e75fb7b6ffd,strawberry
1497,c83b8299fef0697d4a4ead202e8d2ebd,strawberry
1498,34585992cb5618ddea78ffd2080686ce,strawberry
1499,54fa21b5b95d07c2104d0c896a54070c,strawberry
1500,b568ecbf676fff11f9eeef9af6cc8b90,strawberry
1501,0cd1f099880750757b6986f6825493bd,strawberry
1502,5bf38a8ec6e1f79d020898e9abe252a5,strawberry
1503,273d579d0773bc83768c995545f51d9e,strawberry
1504,caf10c495cd9c0a2bcf1cc10d3647d5b,strawberry
1505,800116e3a12b9bfd43dfe52a88895f50,strawberry
1506,cc517037b9f9ec0773cdb4d67c855224,strawberry
1507,409c161f6325887fe851c04340c06781,strawberry
1508,433a5d30c2bd0c8f0555d59a2f0301a6,strawberry
1509,8bd12697cae8c516dfc2075b94d7391d,strawberry
1510,1e5a68d9b76b328a37b66d3dbf20070e,strawberry
1511,ec17b5a4c75d6b5cfcb4b9c2b438b552,strawberry
1512,b9f9f9b67998bac36a62e1b396d8ec81,strawberry
1513,70b29c2462182be178ba116ad56ab2c3,strawberry
1514,4cb99d7062de57f004c0c7b325bf6995,strawberry
1515,d5fdf32a51d927ed612f2e048e3ca51b,strawberry
1516,6cefb29f7b8fbf0403a231017f4a029c,strawberry
